46.68507103344913,-0.7424980010362758,1.7598104431681878,-257.0423524716747,-1.679187444809316,-6.447289739510817
31.7632070717875,-1.178629914997289,1.296071643916811,238.32928975643614,1.021930416813745,5.67537809776069
105.93777611828804,0.05999061836155839,1.9643335639751263,-947.3632441704707,-2.775181153362976,-10.140380669909767
12.227684709815344,0.9616550775234397,1.2685512125933833,-27.067164918415145,-0.5851027734594781,-2.8415902900517636
52.05611321067861,-0.7509400941149005,2.083465693700221,461.8639812291025,1.970813532584784,7.7680443321586905
80.42851567676303,0.7238627490844913,1.8736968045880282,-613.723090622484,-2.3902359762584893,-8.762924009839193
124.6361515786282,-0.6718957715180447,2.15398495183699,-1220.0635419325927,-2.8860563103598813,-10.899697983706249
29.19798078037003,-0.6971623055851086,1.5237003130417208,210.4362860062017,1.2278485781284367,5.690709984469138
417.2009579448953,0.6690582652576706,3.3776046169012064,-7906.585848680662,-4.59477223511962,-19.536402658352475
94.88840748149416,0.6061498893248978,2.0213674041794945,-795.356171483216,-2.520906382156812,-9.469195252946399
310.5766078019188,-0.05275038331921881,2.910515422298689,5959.197008342143,4.545429467808764,18.14286045164857
46.71875005693418,-0.7528402756863567,2.204158029949893,395.32784889410715,2.045586785040821,7.549054344441746
106.13184677271835,0.04888613737409958,1.9630093298395663,-950.119298022927,-2.779850498084098,-10.152181818751956
14.904093942432919,0.0833476793047987,0.7392187645761356,89.7300219079752,0.3598542068692029,3.727028160288473
138.65645982736004,-0.623231332405241,2.67416418958167,-1433.1590869560196,-2.567235172030163,-11.023621305426504
10.838637520787316,1.299809556602494,1.4043271502254653,-20.907277255024738,-0.30803403467568025,-2.3867787476138513
158.54342690426193,-0.40702469661604956,3.0402483804332325,-1762.0384493158717,-2.471147940634029,-11.530798903689371
35.36658793248058,-1.413607091794775,1.2915872855266846,-167.01710934905134,-1.789247439977121,-5.916134932154616
4.3309393359394575,1.13221522435864,0.8796689819952501,-3.1398856202573198,0.07040713239473834,-1.0783334941604528
46.9605726702349,-0.656161729709954,1.8373172473216426,-258.7400319068983,-1.6076196500258615,-6.386662971284491
86.38260508212024,1.5025620200792709,2.6849332491937865,-676.3456243732245,-1.6825776466026223,-8.26764872793199
63.286364519819195,0.6515247222675435,2.28461241401993,-413.8247897626108,-1.5875016815278349,-7.177734789340375
65.23883160935529,-0.2177894820150075,1.9700172989279372,636.7096583907487,1.9687587092435932,8.42158278706155
40.79914136903284,-1.224554781730267,1.4630917301236084,-209.02110063997935,-1.8001307853517112,-6.248881893571343
64.64717537443886,0.47808808115434476,2.0326626978268547,-431.2536811051341,-1.87838537598505,-7.544808925658559
421.95744635829277,-0.4754301090248886,2.721309267743613,9334.447701018866,4.938045729257093,20.729756912276926
204.8294783002455,-0.08705932365579071,2.7112448978708112,3255.0091941982337,3.7202788469444354,14.83532638435066
79.68531185070078,0.9461098958436691,2.4807826734120995,838.1007224789983,2.594009725616444,9.664546151112193
28.530165849207016,-0.951045297270166,1.44729861497736,-116.17304744877791,-1.3567089101703693,-5.014833467828959
18.197066878897846,0.009262721465676665,1.2273496014898657,-55.31834334274358,-1.0616291653391907,-3.9174457667751335
171.32725392055156,-1.0240803053258756,2.184616420443652,-2006.4968965878402,-3.5030668592797314,-12.962145524257542
62.436172345369805,-0.08499139412169915,1.5541247135591383,-413.29004688946037,-2.315071982194473,-7.89961046836089
3.6321853386111314,0.9585916538230955,0.7223051963947009,-2.116991537148351,0.07226186560879683,-0.9496871368943286
85.89578496218886,0.8391475757102556,2.0239604538891944,-679.1923308739711,-2.3469836436496005,-8.939131879942497
75.37569899588111,0.15391281062249607,1.8275375927085449,783.106175732288,1.91100850082602,8.825192153107958
1.3657371567746397,0.2456713671817183,-0.09528268797783668,0.2550065026847444,0.3049313926826761,-0.1298836602060074
49.724401838111625,-0.8637110337986974,2.0379878213818063,433.51400839020704,1.906090289647062,7.582289454882505
378.67568883890783,-0.5070982557359621,3.0578715224354007,-6818.945386174087,-4.6253832825324865,-18.84767067377243
27.676718926473196,0.05447517586586115,2.059211869723598,190.9393674509684,1.7479116444158922,6.064346748300725
7.239171866871127,0.8500461176530668,1.2590335752596364,33.48262221337115,0.8946389998082965,3.3098027020367926
26.955852587891027,-0.543294727585204,1.7034665662505335,-103.73202796787018,-1.0195477991806263,-4.545280153657587
316.4337973412262,0.12443128261123726,3.676106356432672,-5152.112971189849,-3.4910913405018684,-16.445361732573545
791.9947326461307,0.48739975935664986,2.8211046437390035,-21152.622590324856,-7.4126522995788,-28.154427531040223
470.521812252216,1.007493658706145,3.272608302322509,10931.308501504958,5.721141581739241,22.36611190091897
-0.4290705662602957,-1.1376976789884767,-5.706383997495994,-0.4342295847846019,-0.4355125846651255,-0.4393619899257719
16.925743510822432,0.5673943049729181,1.5431344400114204,-46.90654936951639,-0.6446790958374032,-3.354464808826351
665.2647534076818,-0.7976388551442879,3.0112663921802896,-16198.008440444575,-6.545067453345587,-25.52143896998384
88.53428244411374,1.0081943901671593,2.34457497916324,976.2078140523661,2.5300050231269045,9.969919388697773
12.968821700672178,1.1164090317177948,1.4965048360753257,-28.976529454586135,-0.4010152856950086,-2.7143975376434204
0.5263269803031456,-0.834956114707012,0.3166278939123243,2.658103551037866,0.33620200423922564,1.376504155434508
174.40116561937592,-0.7618026979445403,2.7931352426091802,2576.564846712516,3.602321951100322,13.88402645654388
92.51716580488915,0.8381256086449469,2.1570704704950776,1042.3828308315244,2.375558664525725,9.98044071059623
9.95525456839759,0.8171897915714665,0.878408976550367,-20.094003864559067,-0.7980524588286583,-2.8329920892171305
16.906608546457452,0.636311745278904,1.4280250173112414,100.77940807802653,1.0538439739083703,4.545325625007895
64.91385527840356,0.4045096829928794,1.9424339610315053,-435.17791849122904,-1.9771386339403982,-7.660291643432134
69.19108355520501,0.7091040136388043,2.075885192925796,-480.41224422839474,-1.9403599429381666,-7.814414017651932
92.15098843599941,0.7270649037440644,2.0457201898775983,1038.1774557498748,2.2621967181600136,9.857107809784639
51.13149170320034,-0.17599932807107682,2.1234569241057026,-294.1338558463493,-1.4345129160949621,-6.423610858356968
14.378888567615128,1.1863894030769633,1.708825327131268,79.29781254554324,1.3250668412032411,4.543817074586265
51.31547717157538,-0.47348926045978806,1.7982785920396303,-299.2534890870841,-1.774041042542949,-6.79004997598219
280.66805656888386,0.9325198848864995,3.0564612008827474,5137.083489598213,4.521992543109748,17.462786785213684
14.546899434390845,0.9880169858049501,1.5383501327225961,81.6721509965337,1.1554255274247034,4.408494229579407
58.16197455736171,-0.5568365885117993,2.0125121177205463,540.9296114552772,1.9517843341325734,8.063047831065159
36.772166118145286,-0.6431355986612401,2.069966439109509,-171.09117465752544,-1.0336215849647266,-5.200115067835867
18.162339812204515,0.21797866066454719,1.404184097128674,-54.03700366983058,-0.8717476545577982,-3.70850832048429
91.6966851835032,0.39734731474196683,1.7179751268699621,-757.6704305860861,-2.770515792183039,-9.606389472518906
33.04571407214145,-0.5834757524326325,1.9420259645910634,245.52834669893838,1.6729273634310629,6.3686052178129655
85.55986840186188,0.6321889463784731,2.0041897974023026,934.6620129702951,2.1685910941117217,9.502275183242473
74.7766890999952,1.1537585855593147,2.900433836253404,759.7111820818586,2.9702288671117643,9.811643964502096
95.8649715192498,0.2442617380556119,1.70711001086313,-812.8553308177875,-2.85884779461266,-9.856815609459264
8.632387071272431,1.5717985885540697,1.4404055501638884,-12.955871926904347,-0.02353588492102776,-1.81059687553146
0.3237545398557329,-0.3714103538649646,-2.7284669788506473,0.3670547495773716,0.3782759609592726,0.41221765477221395
81.27414602404701,0.4842946098801313,1.6344494740976452,-627.1629803947404,-2.651696894821716,-9.069746819631764
70.26062731847428,0.6436764825835148,1.9701004163432723,-493.6683724223172,-2.0728324274480703,-7.999963732599169
83.58788594896342,0.5905750767165487,1.7522030051997204,-654.0623838809082,-2.578304121042016,-9.087247756970585
418.7191806153593,-0.3624379090882286,2.912442510724944,9223.782427926406,5.112240158819687,20.84118775155431
357.65557554345406,-1.3304411598706138,2.614855590166682,7332.340145699668,4.505078567690387,19.075845484123548
107.93400494779792,0.6181245245583535,2.591460670787481,-966.096188928784,-2.1714081088011152,-9.586440285322544
7.026194011296658,1.3149590290539495,1.0974768365946936,-9.375010811788263,-0.1938355345619986,-1.7941416435270248
3.2971232086443885,0.6573634977550814,0.4223033726322291,-2.343263177139574,-0.21611243261315588,-1.2292266675238204
2.612703288351907,0.6039126431843467,0.389628772474196,-1.0532956584548048,0.015091363214315534,-0.8126474606441454
45.235947152562,-1.2123007478045287,1.3335541482305806,-248.36586032846014,-2.074468109286424,-6.7856635865371
191.58376896059843,-0.6259826884041898,2.5768142946317005,2957.0966428500305,3.5012051772095902,14.26637050928785
87.02035125188587,1.34431431173299,2.5383441726223452,-686.3553964805556,-1.8445921056958299,-8.461479494183877
12.45892642393545,1.0481530434179485,1.3729453716156448,-27.486030698784457,-0.4917066921901161,-2.7623832180017924
13.42777204408412,1.2662744537650148,1.7181199000731544,72.20775941522389,1.3325907159640347,4.45148525156347
566.4947696297712,-0.0209990138911823,3.1301362677648226,14362.448034728206,6.016263034348778,24.24701986134964
20.643935562542495,-0.1621073513919798,1.3875469076007867,-67.57640129426032,-1.0349960392541098,-4.089614539497958
54.825111906915616,-0.6584699744245746,2.069027494931239,497.0365437249934,1.9797967075131242,7.920768958314338
7.686739996907883,1.4109065582316171,1.8281484035013205,33.323917234771514,1.4652226849468626,3.862529153002199
15.082510746422711,0.7510352654548311,1.3643781335595355,86.9036605664388,0.983515575283034,4.307158103254283
-0.07720560104114535,-0.7543209865635103,-1.8315237976392258,0.055271712054840556,0.08977631130847956,0.20384443017647702
35.594752232875436,-0.3467832649396321,2.3304842555922525,268.5462350010031,2.078708866336881,6.914666321470875
70.0845827711515,-0.6012336567531034,1.2932777658211214,713.5945799838103,1.3377276818740742,8.042648987267999
92.02439310979902,0.4780209783538691,1.805828005919273,-760.7127315194657,-2.6871716906250342,-9.532448062107333
7.5687432352669335,0.8685612545974047,1.2573273506115068,35.48399208760092,0.8892670015962114,3.352241648906484
25.651412760851912,-0.8643382406681368,1.2970509690659355,-98.33442686451677,-1.3846329964848203,-4.843668925096754
4.213901812968915,0.01404858443868845,0.6790612204455667,19.0390915085358,0.36268269226785776,2.376113020974851
35.229256397819675,-1.001733142488792,1.6942588271571428,-162.4756599517205,-1.3667443870550806,-5.459241694973392
3.923482154980091,1.1739955760295548,0.9350108995196547,-2.070706726425305,0.25957839213779166,-0.7818611420263123
272.01675884842035,0.927880737343978,2.8861170604193815,4912.101677909837,4.302693942123629,17.05187097347282
204.50125832085138,0.021749218537396864,2.193062650503371,-2642.393901467406,-3.8894295817197637,-14.257629729602527
1.6237048452871414,0.289194932986596,0.033834571708974526,-0.0733714039494755,0.14829033090619448,-0.4074825955524
54.630032276855836,-0.05636269102593859,2.0424207351737884,-328.48720600031106,-1.6143467782490015,-6.7898141536693055
63.00444567031799,-0.7743493562855566,1.5110476142736784,611.9070889973383,1.4950102402393715,7.864504599379091
49.862915341320914,-0.6585128485030597,1.6851908385698888,-286.811716820726,-1.8491559062014562,-6.794070712894916
5.451821547112833,0.9874308581062414,0.7289664475143264,-6.38874856442289,-0.3610864260794201,-1.760353368566999
77.29495556839615,0.915225384134299,2.53966106512676,801.6334532540526,2.632979162065938,9.59919699892829
91.2635263997444,1.0470056210719179,2.3376607645673504,-743.3639409007532,-2.1309454914913935,-8.9253984351878
20.05937579047861,0.12992092075775374,1.571218487028645,-63.124061147368934,-0.8078830384337514,-3.797103491425391
48.432334512422,-0.3859582421558439,2.0485781214648413,-269.92957817599415,-1.4337497886604558,-6.281897284555866
54.70877969744483,-0.5272513431888826,2.211163697690538,493.87811910586106,2.1197591511292195,8.047543005191908
11.344447929118347,1.0305755877621317,1.3920353130000656,59.37356066089512,1.0060554488411926,3.9314438700696606
23.129117357243317,-0.17007792823809414,1.668898579580919,-80.06409237564971,-0.8713381730045597,-4.106637686478216
2.885566831751242,-0.20919317249299357,0.6693843525424152,12.292213349424033,0.4080798415027913,2.146992427361292
81.93751927165135,1.4468989150612237,2.596608339278606,-622.5555180132004,-1.6834402306467466,-8.08902774654911
6.144856250877445,0.9792763760652368,0.7386805694978262,-8.231700802037743,-0.47087034918343584,-1.9873338830467948
10.42630882805469,1.0395352300314404,1.1274340735912296,-20.673437920248734,-0.5714643859010293,-2.6337169531360156
38.39616259104532,-0.9340093638621596,1.909084345640882,302.9595387331384,1.6836155997329774,6.72079358374599
86.69702869067706,1.346212280391061,2.7110908716724977,942.0616935580865,2.8789350034965464,10.230083151056672
506.81248864628725,0.7756980237957949,3.1782483208059644,-10671.348408744729,-5.417558925257137,-21.929654850048216
0.045215278301754536,-0.8555896695647951,0.02863148839505794,0.8579574336687005,0.3623204664124735,1.0344294942123737
36.30096851110156,-1.082711340404244,1.6300657262785054,-171.2877913068394,-1.4723939227795015,-5.636919538535389
64.22137708168354,0.5936261192640472,2.1752762863918726,-425.029434326291,-1.7221277397772927,-7.361810273952629
63.04733878155589,0.5825146354649429,2.224628730952792,-411.9928665188018,-1.6431203700785615,-7.224833975067387
40.37701583248609,-1.4059369840524947,1.51348567822283,329.0503355246919,1.3076705272666098,6.487708386937887
0.013515996437860028,-0.6619070354855268,-0.9341356985813618,0.2589998121506799,0.3065993230409881,0.5411118553170126
213.82957930130692,0.2068703683549422,2.716252409055946,3464.526245320415,3.782344419869936,15.130951780300187
5.396533305389476,0.3372066573583007,0.8759815699862313,24.621472583566952,0.5346920341015919,2.722311510705163
838.1852448198324,0.6309110413420674,3.410413617017353,-23038.790212493757,-7.051567304450445,-28.392572768059132
32.78113356723285,-0.7575705573818086,1.7613881358093832,244.48054315515986,1.4916228171716979,6.181756045381309
126.33842432771296,-0.6111453266874262,1.8525419967383772,1633.4091238217609,2.3308734985618464,11.164668262572228
80.04415675838739,1.08984612772334,2.6170656348838848,841.5811458054394,2.732097067697939,9.812031540885236
17.201797566215152,1.0139702879891581,1.7976129362936724,100.55397866802498,1.4231100691628504,4.907691344216533
-0.6279470078876671,-1.3484984443586532,-1.0017731293395156,-0.22477123174337094,-0.24513500971994354,0.15732160048397276
14.941510179209637,0.3802055848015039,1.114989059181058,-39.834294342090736,-0.965315033034223,-3.524322576891916
295.50550478618976,0.07921211766385086,3.088948848985958,-4648.468379132615,-3.89822783326076,-16.415405838641853
91.85429064465667,1.4587210442865426,2.77798570232569,1022.4298858880709,2.9863283350171934,10.54083555366872
71.05651723453626,0.6864854852799803,1.9883566623216915,-502.4183800962534,-2.0720650717061218,-8.034065736267868
308.3100191207759,-0.20186246010726444,2.6997261057477426,5901.496525481277,4.3232484438564365,17.876809679341157
0.7162590018109061,-0.1171543643917044,-0.9437529172474253,0.3598947701218683,0.3121990091693771,0.11236071405731035
340.79753945072997,-1.0849690022332052,2.799289113463038,-5802.874341772805,-4.581881888351138,-18.05930165161349
27.278533864141323,-0.6075226538848493,1.423312992111386,192.58863247880623,1.1137701679016683,5.447414233931785
283.3206782558497,0.9260299347337249,3.110036255102439,5206.678319480344,4.590464427143717,17.589396861615576
4.808029085171306,0.6284974600751045,0.3669397994943684,-6.024601945163671,-0.668628310968759,-2.0165638500285015
88.86798214798637,1.1371514238256746,2.4715453109266328,979.5921686319545,2.6586208987048283,10.106804419071711
64.3444966409393,0.2254054652895621,1.7824508513340958,-430.9412746387771,-2.1273413264666,-7.791301609788797
159.78317860526775,-0.14403241436954906,3.294206267307851,-1779.0252002613342,-2.2302466339806353,-11.31933521074982
145.20438588315807,-0.8838656145755441,2.3553365900408045,1984.871442532782,2.9661371992600456,12.391937017542437
104.19627255630382,0.39438377693265575,2.201221632274613,-919.3907916132878,-2.5041928346885363,-9.796804721943452
43.12776060908842,-0.8506300223281555,2.1058940950097718,354.2676050643418,1.9180583504329571,7.224182026612388
6.4950134026688815,0.7338503338649525,1.1949081141905071,29.396565349897475,0.8396917474722863,3.15257975574284
465.19488488056743,0.9469196404591099,3.003525857111795,-9360.897077182406,-5.31337252357146,-21.119776020614985
14.458181866457215,0.9269689320866303,1.4751482925815311,81.41635122803561,1.092157307807316,4.342654128914616
261.4883667051963,1.3784314136215423,3.2067065280590366,4629.608784989176,4.559868044771911,17.05949528040975
8.844312895726631,1.1426136885626132,1.0640679032477032,-15.294734091777087,-0.47099834554600384,-2.3388247161608953
8.790569360979033,1.2780960016643057,1.6297367502573918,41.11888467409849,1.254245601162809,3.834608415434551
12.671917464997158,0.791180777225937,1.1748569051255966,-29.402591711350244,-0.7247370867529495,-3.0408290477732574
24.058407052907604,0.7346102248162305,2.28627890945436,155.3336263375048,1.9478579347509783,5.974263123419928
264.96421165357197,0.647720891860808,2.513889522805762,4736.946243091446,3.891525386153645,16.487645776634956
25.73088253024928,0.11707133661485726,1.9157754406753842,173.7312608207798,1.591429934638664,5.774768558905283
25.68095538156862,-0.07358874498003085,1.7399312082192742,174.73235086778564,1.4164796764764123,5.609272391942276
254.48190438248741,0.7620172684132613,2.643160966744698,-3697.5873537438342,-3.961136134735514,-15.558617396129351
617.4433091808008,-0.7755257382701561,3.4169605224691337,-14435.517811829914,-5.862757037296526,-24.124447203245104
31.84335063459012,-1.568428349620648,1.045005304134137,-142.71626798202126,-1.9118027235353752,-5.8256319100927145
291.33127605219926,0.6321003137776915,3.02503530567643,5425.12377799257,4.551555031226677,17.729880934332062
177.05529244223564,-1.034056618905316,2.484072071404732,2639.910686495799,3.3131219887591845,13.678825936443316
11.725239649819397,1.0766577313853574,1.450471299875861,61.678503918067086,1.0642576448952628,4.026304446375148
87.81596227609062,1.050068989548762,2.394869383459755,964.1770199162752,2.5741751029475224,9.983258801509356
207.4445615094159,0.9346586543284714,3.0475782482465004,-2683.566406250881,-3.0584013176792446,-13.481283112444482
236.5981258984351,0.26659277154956473,1.9689110856183527,-3317.8012143191436,-4.461787441258505,-15.647046528953505
99.95487254794092,0.6794256550681604,2.081845216953127,1165.2445810860236,2.3591566368049754,10.25201040510684
1.6774568836745793,-0.3065449708436092,-0.5203777903667717,-1.9132960686456926,-0.8820982807003799,-1.7015549188065942
31.149139935120424,-0.5036190607848454,1.8691876453023377,226.8221614382149,1.585729206958415,6.159250223360076
452.92184909002054,1.080688652887245,3.2025422133819115,-8977.8354467351,-5.027605029107372,-20.61551391271418
19.093807223962774,-0.08051028396698612,1.265168499177675,-59.84294150126244,-1.0755189988695026,-4.0075001794898055
403.1358605252194,-0.005998937777307568,3.0202781461545616,-7510.298255193307,-4.850233927446134,-19.53773361832034
151.4533497631086,-0.23802960015174834,3.1581861723477536,2093.8460755063766,3.807371242155716,13.401393264431874
36.82868064547946,-1.231061561209866,1.4871110370455065,-176.6704071159654,-1.6393712892329388,-5.845875910724235
2.424639872713326,-0.09263367425767932,0.9128297129024912,9.169009380676778,0.7006533470104936,2.2600311401681057
9.471417247393646,0.22583717830754646,0.29851126469411626,-21.030982481263408,-1.3877144768968908,-3.4345137523859295
403.45359251187205,-0.48125794351611423,3.121134863352196,8729.161188560027,5.2438251419862345,20.686309502794856
23.032133210366066,-0.3325541748004892,1.513596496137103,-80.567594650663,-1.0296277973135415,-4.269579339540926
33.38249701291306,-0.2815590488739275,2.2464520348923025,246.16727664997777,1.977610566784545,6.675423724086324
18.11564059357892,0.41953084059932644,1.5730867153051014,-52.75042705645529,-0.6894163686164069,-3.5066321480692104
8.038171407733085,1.013692576416585,1.3850216235914228,37.70726388437799,1.0136547825125226,3.524711606715626
10.01792563332144,0.6839319740340758,0.7661158684336148,-20.858224542855055,-0.9280650171490533,-2.984556847823821
9.770360402520485,1.0937953012054866,1.4266510780630193,48.53480488635864,1.044560756085511,3.7778170739437043
86.16328445018176,1.112815046475792,2.4826959510480293,937.0819857929016,2.6480970636989634,9.98685575855493
319.8223799335172,-0.09976339408838122,3.126688180643968,6214.04218620412,4.8113154462506795,18.599729493687743
4.671136788101224,0.3432087872211921,0.9871411116753325,20.143542397794455,0.6663295520965321,2.7074760137920673
597.0957358923788,-0.6655331470502058,3.4262251515225532,-13712.6351114523,-5.733019810504984,-23.684663444881316
1.0857561529507376,-0.34941791793127597,-0.585669152290667,-0.8938781392061861,-0.5716256179916483,-1.176190021442516
31.499368750595266,-0.9220503142260945,1.5125346086409432,233.63611829538553,1.2346095666925616,5.855907411503657
76.24097180881418,0.443249841028305,1.6223985736008844,-566.9047862737872,-2.559190027036167,-8.76463043450626
9.413502046204707,1.0717546083565623,1.0522064310345647,-17.326037362164318,-0.548580915401319,-2.4930027344816326
83.07823700166881,0.9660377154766877,2.3985627119942183,890.7044255783948,2.5398724063429823,9.755662990730391
2.151141138010185,-0.213834060343904,0.8245680839442684,8.222193236023907,0.6294635314997841,2.1353587557389457
0.32242060416083435,-0.3596672808524889,-1.7569961808139942,0.42415526290588157,0.450978199916588,0.535784304422222
187.62009399067577,0.12293398676231468,2.8575864798818964,-2297.829710184633,-3.0214704486111446,-12.918800062409163
11.34962498526809,0.45416357430864823,0.7158142581794609,-26.293195573436602,-1.1091427860605019,-3.328846511507963
300.8066072797142,0.04023127073489188,2.715689848950435,5692.775700624587,4.297308396910961,17.689146541161808
17.794234231411988,0.45251995230063946,1.559248213276636,-51.18377943093116,-0.6838600394422865,-3.4729704707461706
325.72413545556043,-1.1822385441846077,2.560691078668386,-5417.9565000676475,-4.695915201317527,-17.868316364507304
6.450623755062893,0.18239104791823224,0.6002041139193152,32.04717769181353,0.23737966198587612,2.633479231953873
49.55375712208685,-0.5309316250847135,1.836773660974726,-282.3851107367542,-1.6843429652892792,-6.604577829032086
249.64693650599352,1.0269976663846632,2.8359412777083848,4336.154316261985,4.121045033551904,16.35108920195652
0.10426325127163341,-0.5945833154554936,-0.42648100226703894,0.44917173117190495,0.4672796354522683,0.8114108310991817
228.80542848911506,0.930289286092967,2.6546542378298716,-3134.9399658352786,-3.6876799535928506,-14.664326410750776
3.0768146814455317,-0.1951661737232186,0.6457431690884962,13.328285662794826,0.37294341844204293,2.161031945105864
86.59207678471155,1.6035013915233982,2.787363363451047,-677.5863492307825,-1.5822582781391084,-8.171680140268387
61.2890498262992,0.01474757988132952,2.4441161544442065,577.074376203525,2.4059657237201817,8.648922281352208
173.26330284093578,-0.5395306227958955,2.6305892740576318,-2033.3155401387519,-3.0758101552130817,-12.577540465751474
10.921409799842436,1.407676679039299,1.5094359804447848,-20.717657136818268,-0.2007162666541562,-2.276749651326481
1.9194541770173768,-0.36077652722924475,0.6954462943042371,7.62224410631537,0.5108542721398046,1.9856181930144783
82.22046810055795,0.591681197994538,2.0368850198084667,882.7605657529984,2.1741978249910483,9.36944420813929
0.9432965695709187,-0.17581213734082307,-0.5173723406657157,-0.16486615663546256,-0.11555528276970269,-0.5497619425500044
343.27243472521627,-0.40518847058069124,3.3591134330142007,6884.570988766073,5.169254372054559,19.43665523042305
21.101619390551924,0.5784699303830753,2.093488784513385,-65.48050189269681,-0.31516332127575397,-3.3487934888051254
297.5637127207078,-0.2561848841635411,2.8233781039563293,-4705.436331465928,-4.184733831450939,-16.752594884484978
177.6741823872849,-1.1903526280603582,2.316151184380864,2656.728053178387,3.150458205076937,13.5383473519481
10.852054391174827,0.9499661238659756,1.2990283679402634,56.528016968853656,0.9135675682633813,3.7927377391853905
18.7316734049253,0.6498740951869307,1.6267741675028458,114.22618436758466,1.2603541831250273,4.89885868856589
134.58191524959184,-1.5501292137599156,1.6645405242588387,-1384.6339894737519,-3.53229539507717,-11.890151200828683
114.50699897805387,-0.6564924611756547,1.7013890867697627,-1074.8717183945423,-3.185470350522684,-10.866673758967686
115.96296390491017,-0.5946128948396088,1.831000048825468,-1094.325556110977,-3.0773398016668025,-10.804924189516626
224.2992951877224,0.6611521720356306,2.425585925538703,-3044.614287389286,-3.8714079639368224,-14.7413416214567
11.1425043742067,0.4652536314731297,0.700676561737667,-25.535810470350278,-1.1070009351007215,-3.3047230048935825
181.95557550100898,-0.4490116068715088,2.458510652011687,-2198.274538661695,-3.3571916548028504,-13.108919045201215
1.3258903014059888,0.3398840897567463,-0.1237242112846022,0.570820035160704,0.5510978595046488,0.21018909738970465
159.77908253002323,-0.6734241454187546,2.8793933456655867,2268.1416665079037,3.588427014803226,13.442110167991439
45.64182468745216,-0.5289310647692688,2.028565244818674,-245.11857783776875,-1.3706100218455874,-6.065601019076179
120.43635678526344,0.022511079023312508,2.630995413205446,-1148.3968293000025,-2.3360145141086304,-10.190676399771672
31.337420194613944,-0.5503923386081653,1.9934339752330426,-131.31573781559396,-0.905252652983817,-4.720919770781026
124.26707475362763,0.2682935989786975,2.5956323057592368,1582.3016733873121,3.0532270018829326,11.79255835526169
-0.2958678305143526,-1.0771448300631836,-0.4536536628877028,0.2459322632640193,0.09060738713902144,0.6076714903592728
206.8421546840968,0.15945016246847615,2.2675384600941895,-2687.930963146544,-3.840431713027832,-14.267950864020873
34.69433208315954,-0.8633282458282381,1.8183512773384605,-157.3500097529686,-1.2181368390041611,-5.268290503745984
304.658025985359,0.3648904235134384,3.1430885257354637,5787.952497550006,4.743834880914139,18.20956372442813
24.432842296586408,-0.49787162302402393,1.2282336566346832,167.3703564943256,0.8995946862545043,5.03674738270315
9.915296721451188,1.1801566679450046,1.5130105497569852,49.00694679560488,1.1306865516894251,3.8712353506571047
6.010346621507857,0.6060562380595942,1.103921941887426,27.034095851494012,0.7552197939802748,3.0060291092064166
0.09529882427284314,-0.8120409412047023,0.08164851691302985,0.9235851661502561,0.40715178070800917,1.0863994636055154
9.145721944525642,0.9398079497326766,0.9072641798653427,-17.037462244369454,-0.6799708378356056,-2.6084439715005137
30.061346818442306,-0.9757956830738178,1.5215454351060984,-126.12854319591445,-1.3440988852991467,-5.104449235356421
232.78751866326846,0.07277118050440978,2.070581889035478,3934.722584626831,3.258351569777486,15.099431280640985
32.71682211892967,-0.7515974575488487,1.8640841206347565,-142.29346903098082,-1.094858675051931,-5.012313983643248
74.19827319945124,0.896878017821458,2.1205367756346947,-536.7223292837101,-2.0063571522898815,-8.101510802965628
242.69873615621154,0.6409518887257588,2.3708237871356186,-3441.8141695598515,-4.118186390418301,-15.441562809982301
9.50299646296822,0.7826338321307237,1.1154802926774963,48.512068485326395,0.7332144731780618,3.4719267926355815
10.793802383695414,1.0651724716227162,1.4099914984899586,55.48317331819694,1.0248324393948687,3.88414140251815
19.456997738277423,-0.257445464139264,1.1568273532813578,-62.5086308310799,-1.2114336736499502,-4.184444739108903
86.72145670004471,0.6330097972857363,1.8337322606542816,-692.1813691752043,-2.5571463186641177,-9.190434107955562
218.62402833304213,0.7104387539575819,3.0851315854097314,3569.500602835555,4.17900627634796,15.640710905081333
94.34717406179875,1.3144659648822294,2.637826607605586,1064.6243118974887,2.8669480767003948,10.52439432004785
459.2409376397489,0.9633016188132201,3.040988908537371,-9176.258409217495,-5.2344070163641545,-20.936220022381093
38.31998862802393,-0.8802325167932588,1.9577853714836466,301.63498739559094,1.731289057022266,6.76083614428546
15.086124395312272,0.6905900862239213,1.3093919466384074,87.29930497524634,0.9287174757041367,4.258108654667268
6.646891979002857,0.9285413127056343,1.3937285135044406,29.322314519799004,1.0392384524058973,3.344842194871745
30.889558858429258,0.27254362165731433,2.55754223331089,217.99886439105808,2.2667356788820987,6.775295649783611
33.79931309246396,-1.0716331771041252,1.591974924986587,-152.5577470654471,-1.4192763153742938,-5.42603557180635
90.86193924388584,0.8831192307578902,2.16752925252893,-740.5367982493585,-2.2966849950903274,-9.081999558969263
98.08063322977947,1.3603536106145562,2.7193038260769136,1124.3054567924685,2.9770539970804295,10.774889197901416
20.14821897667382,-0.16085027871323732,1.3277427780384596,-65.20224572931248,-1.0703170363478653,-4.0879911456358755
246.52583969461477,0.6836124537823599,2.507413743710467,4265.412251735269,3.7757861463812277,15.93926280771801
410.39107668732555,0.3457275438120922,3.205799287569348,-7713.811488047863,-4.7174989232962625,-19.536597049944916
49.1893546900455,-1.642813455749586,1.2525465809661913,435.8018794680464,1.1227565861733115,6.812348280376279
2.280601483203751,-0.6430244956261872,0.272774845763602,10.88266543603296,0.023947172141659756,1.7129818161786265
238.56569341418137,0.8076862096380691,2.5137523344654156,-3348.1704393407304,-3.931583695402024,-15.151479679289151
51.235762577012984,-1.3638372308227797,1.477743129697111,458.57795350943917,1.3632842243883507,7.149269938164011
98.04906255882385,1.0979200163815201,2.4601910144845394,1127.7933415400432,2.7197176026212797,10.526211336247028
188.27604795038934,-0.1817595057009675,2.519650878233067,-2317.2054715597783,-3.3712393951558437,-13.295820222872681
1.435474336788069,0.05167217014047269,-0.19324024329056744,-0.3994010677234362,-0.1298873803193263,-0.7100618429823485
71.32324188331805,0.23338955629972424,2.1066369153534525,720.4944768591699,2.1545893343001077,8.878504689534338
47.065991559884296,-1.1835491714436335,1.76429624286562,404.3044021942533,1.6123385939179045,7.1592187966456855
23.553136797322693,-0.7339559848929518,1.210677448634744,-85.84544889991578,-1.3741177196681216,-4.679133375920154
117.93080095945288,0.18651563702818733,2.228512781372191,1473.7313992415823,2.6417282576329226,11.177065513546896
27.07675536237081,-1.157680162519826,1.1485685705299484,-108.73066062579004,-1.604836923931107,-5.179986307390694
105.84416558878605,0.7633440161771904,2.629925211460134,-936.0205106463413,-2.096553547377737,-9.433979376590921
225.24460444293962,0.9769782291492451,2.7342326158063477,-3057.7274738997953,-3.5695438306981537,-14.455426584179055
55.067898827363294,-0.19752856803401253,2.539600116723996,494.5980122836545,2.448453632241289,8.377804742444829
5.366220986699363,0.8243721717201338,0.567178854324788,-6.750711206156867,-0.5370309573008417,-1.9498509881527673
44.56294201063978,-0.2188106506127755,2.3918756317821988,-232.16286417937846,-0.9625480706701857,-5.57590538292136
0.2201448609308416,-0.7612868826110577,0.2200989936368833,1.2312725501688337,0.4659643870706931,1.220114245245734
28.956594173782268,-0.9115382617848038,1.3068796681922332,209.97675928899963,1.0108404042018018,5.4719848057970415
10.124346777240497,0.5851582125313973,0.9260384696962889,53.73935879520539,0.5412694481785671,3.378607120209589
-0.3433688188387517,-1.0332571594371123,-2.9491547918296335,-0.27859420947225855,-0.2616170088766309,-0.20968971626708371
118.48355907050838,-0.08901986069604027,2.43312896798669,-1122.264768903423,-2.5059999402700344,-10.300200594005227
173.95879777249323,0.04039960659948305,3.207362842710602,-2034.9165048687473,-2.5005234268078347,-12.005644026384854
823.8249599844906,1.2490653532132694,3.6334392098296484,24902.951854393854,7.559743205264891,29.461386407089382
53.09008751675228,-0.42408600022107706,2.3845936784935025,471.35275774777074,2.278110146151126,8.113559675048114
63.419743741331864,0.6949846236060091,2.3233234527574735,-414.7876382016773,-1.5510951265828887,-7.145827906776303
73.5474370951079,0.7096303167549131,1.943798534902875,-531.4218681763705,-2.172748453859476,-8.247111698622565
175.38403652655114,-1.1859385271419824,2.35272251084909,2606.637377076755,3.171462726819481,13.493602972052289
75.67654168404223,0.3288883442117022,1.997010323241423,785.2083985033885,2.081553984511376,9.001420720665365
451.184702422604,0.5078494241768858,3.071980516734163,10285.085175709062,5.429289250585528,21.739666265250417
22.434232371276337,0.46972820815559746,1.8713128052240522,144.10733414765411,1.525001758779756,5.455134254550676
116.51423609927078,-0.25412704785765355,2.1816676641857504,-1096.947416291239,-2.7299070645800665,-10.46448304202154
40.77974822794092,-0.6518984314042917,2.046683152239763,-203.43692802440782,-1.196548512892869,-5.609539337559722
17.81037459478231,0.30171900033459303,1.4305359728234601,-52.05479119523008,-0.8217418863876581,-3.6241219790556505
11.381394177284163,0.6475280837585851,0.8897246873420314,-25.546573990552506,-0.9224641535291559,-3.1259130371421424
163.79940031841693,-0.35359837267432337,3.029283171651995,-1854.830508634915,-2.5512853647292926,-11.767161700281417
65.01546799580437,0.6372148683330793,2.1815197986517054,-433.46066277069536,-1.7347732103759999,-7.411487980511491
137.09298321998386,-1.0541247318493359,2.2152570404834546,-1415.696952302249,-3.010155835752338,-11.431160741336159
22.105713500288818,-0.8485629894764999,0.9522462266005381,-78.9578427416356,-1.5721744802732873,-4.7828997895485355
8.863146573990857,0.8642332017173735,0.8123653143094027,-16.47681396483866,-0.7538185790166421,-2.6576767348373034
77.16455462731263,0.2917496635034234,1.8962409335443517,808.59886901354,1.993737061743229,8.98194343809339
109.7789480171677,0.0946419938384307,2.183344771392279,-998.6577111822588,-2.617534823311993,-10.113880438574236
26.185181325949447,-0.34930131709359913,1.8137748632682986,-97.92678138435178,-0.8687040025966527,-4.329017130087376
33.75302319438231,-1.101366548076203,1.508305775891659,256.9716691450589,1.2483186837490543,6.0186524443808525
15.136114276180805,1.138891920063815,1.7243153365950694,84.91835603824887,1.3425126923225315,4.635909122129328
9.90418724090615,1.078000372160361,1.4110164904038576,49.50506239056902,1.0283453786895325,3.7801607763505034
17.487803366434765,0.10407359339126221,1.2163659295267428,-51.7131133267629,-1.0290558036412791,-3.821511078638205
3.8600513739133904,0.5460092464189291,0.2908394574091362,-3.996656833766652,-0.5490275551077126,-1.7233945503561856
410.3056044640188,-0.2454820409322048,2.6025543657078583,-7729.406161201003,-5.324588710845875,-20.1532800074602
8.934270673066358,0.9950400465079369,1.335441702255819,43.60719260000578,0.957058601958927,3.5953496484703615
364.7593504986654,-1.4222330251985855,2.553951718696714,7547.879388348325,4.481659787338894,19.193861882516565
9.814596602710752,0.9860358522632372,1.3190588644097376,49.4287590974959,0.9363789602907159,3.6884870106983323
166.8088768705547,-0.5921113520868583,2.7314649605916346,-1914.2208144555527,-2.8918206018244885,-12.204500399697256
28.658206337905206,-0.5604119155310566,1.5982799806157932,204.46595082753538,1.2977590451568324,5.717455534881916
36.31000037243892,-0.9325993443217085,1.8164971034115378,281.1686746196967,1.574698807791234,6.488483531234272
1.1543409984578263,-0.10817660835217977,-0.3836061978761853,-0.34347020262863287,-0.18646964023971738,-0.7045998491644725
-0.6072678551021075,-1.5408272082414949,-0.6122769944314034,0.2843212499795986,-0.3175085848468469,0.3894366564603965
679.4051788580736,-0.8795111300270398,3.1941795604849177,18761.299336204498,6.557287594138297,26.486167742687243
14.681989116798153,0.727848168419446,1.3816098792208236,-37.13325734586291,-0.6601608857331962,-3.1662530561556683
29.149875225695027,-0.6949834490405415,1.5213254664265892,209.98216818027922,1.2251246909451055,5.6847892149980614
146.719882983967,-0.7848744326724012,2.497885264245531,2012.1116332308288,3.118400125517754,12.586903492714974
172.5540281861566,-0.71783095196661,2.4666337091432227,-2023.4868599416716,-3.2329280172519415,-12.719070755343964
542.4905774729108,0.5389663441645164,3.185063360708568,13475.272916416428,5.964641541360209,23.811986580200294
0.7854802976602894,-0.3445797481656184,-0.6793705631554836,-0.3520916717638253,-0.2956641999005154,-0.7367880056439012
60.13186778910308,0.009032194080046407,1.7811919878079243,-386.62477762406184,-2.025380247034037,-7.488171242663008
3.6600387749892067,0.8322238547877545,0.590550134814004,-2.5884234646733595,-0.1101434908087583,-1.1712477606695695
181.77008020080115,-0.6801543169834448,2.2258567505768116,-2199.395615044884,-3.5904180278749362,-13.343458811105156
-0.3900739602227432,-1.0651143012824769,-1.3554154991307819,-0.14787116961708796,-0.10008149998265291,0.13074875805601008
88.9285758566097,0.6440631171762785,1.8876147417878095,-719.5274876796856,-2.545004199163098,-9.264690422979248
26.39925566491981,-0.27763707070520505,1.6316451592940564,182.4071381607893,1.3141292340340738,5.568392433043321
32.61999139924505,-0.3301459857519819,2.1451839828825032,239.25706949908002,1.8711033462055044,6.525062551530221
16.236534543156758,0.45058747152444056,1.349621619232846,-44.662829360597506,-0.8049185046191922,-3.46754901517264
10.72472858011116,1.1894635987268167,1.293589198416757,-21.00601092800043,-0.4184586678536519,-2.4968186751914203
261.59729527026525,0.3653371103875601,2.400629655187335,-3864.766005155296,-4.275705338818998,-16.04514513164007
0.7287877744334609,-0.4144766337400867,-0.7415690165901283,-0.44431963458208756,-0.37905075157753143,-0.8283888374283299
197.56883316906365,0.23367732107326908,2.6304649012345487,-2495.5040340030723,-3.3679507630853025,-13.540942515464646
37.90304439410377,-1.4371211454677766,1.282516198003103,-187.0185465988771,-1.8888910176479052,-6.174369686066193
345.5590141245211,-1.0132040884889988,2.881987116223093,-5926.128538228976,-4.537798347079772,-18.11003063386354
115.9260702758468,0.25031604643848715,2.2015894327646555,1438.390183690931,2.5999789986566624,11.066582017181037
25.576026396009876,-0.9679847952317155,1.1959486313501653,-98.60011631366895,-1.4869344734386591,-4.947897192145308
13.16291052421332,0.6125482612634836,1.0895553526247475,74.24636511035825,0.7045870118801241,3.861744261198467
61.81631944474769,-0.204868960272795,2.182021576182433,587.4027561238009,2.1504697315354195,8.431428178088408
9.777924945043775,0.9156659520116022,0.948072412815568,-19.11572368084477,-0.7028694223338668,-2.70700708540106
3.7697263809657597,0.8954092075172682,0.6521937138049025,-2.6303517734428516,-0.06307296405878815,-1.1356458355157417
114.72670330075283,0.5195216253935044,2.830623476627007,-1060.3841841078488,-2.041412416852423,-9.690654265434986
199.78523234305658,0.3062787893359046,2.6326442815933575,-2539.2010264921378,-3.3912333428837433,-13.623253806305591
44.490612479459394,-1.033621329362827,1.5497187603722802,-239.69794520244335,-1.8287237147586937,-6.485825172979823
310.8244724338469,-0.35294055718396444,3.0827696259682895,-5026.723162785742,-4.040698644034732,-16.888531737824536
87.77004536078573,0.8236819876406594,2.1663343681781866,966.814619386708,2.347096079103763,9.76351731005922
108.1853517303259,1.5407839770316756,3.1415855341141397,1287.573924879815,3.4741719667679,11.631859811457593
-0.022678046061816295,-0.9607535213474632,-0.026662177460322664,0.8799679023746902,0.26312303822896826,0.9746969509444042
14.637430098058585,0.9114013945629855,1.4749026135375223,82.77359560164867,1.0923904104895223,4.360928150079364
0.487284993357731,-0.354420468679835,-1.1465925997439326,0.10916183619943756,0.06113353087932652,-0.14793411432040013
142.22541791998069,-0.25487463000291244,2.862548979335407,1917.0992495504906,3.4485674317482706,12.76501232715073
249.96213189285407,1.3528990221399864,3.1531686380969437,-3584.4220636802233,-3.401152148553579,-14.87964341320509
100.9267858561831,0.4602350591906087,2.117596534783091,-875.4142299540135,-2.5319955478977216,-9.706235218327445
50.56770542742799,-0.6203992542508685,2.2652284043577113,441.3145949065466,2.1385164197718938,7.847604708404274
76.8248474838918,0.8352157791096617,2.475859230107407,795.5594050983508,2.565865428376755,9.5146157346057
73.07832880283355,0.8057776940749577,2.0537098004106173,-524.649113835981,-2.050138295956178,-8.099017412864352
4.928733807942101,1.2181447732436763,0.9570779506377178,-4.2746017164917935,0.02097162588004914,-1.236645307859677
276.0338021282831,0.8516093825880467,3.254522359155088,-4178.6291652257305,-3.5516330163682044,-15.632246897910822
50.741679626373326,-0.9342212604335164,1.9371501970609635,447.1877580309533,1.814664515926868,7.550403462386328
202.7033367916863,1.0502644016093394,3.3074456777736314,-2583.0641818901886,-2.742050239651801,-13.033539863732097
222.03996569774012,0.74625223172401,2.5411538527226556,-2994.6111189653884,-3.730434656357944,-14.540672942621928
56.09059228643994,-0.29922004960401266,1.6956164322268208,-346.63215329607203,-2.0092881676610825,-7.276469593151787
93.55028725848052,1.0630263060340748,2.384029275127005,1055.5946561783226,2.608874378289391,10.245209139393198
19.892732076905002,0.13175024346738806,1.289790049730584,126.4892738770952,0.9315670322002416,4.699617245904115
5.290045788176746,0.24798232802121506,0.7889468812674325,24.425416380440193,0.4480610106004242,2.6324283921533977
287.35505005139373,-0.009134696728905052,2.758623600210005,-4459.714717584643,-4.157362455593554,-16.50249003412849
85.3529374808393,1.5255394366219446,2.918476669201771,918.205682118843,3.073891855705148,10.361856599840866
8.738211042841002,1.0387204423000842,0.9599813191835623,-15.391955302544753,-0.5748495661699993,-2.4424050160349537
51.95863422662787,-0.38552088307787946,1.8538460728040196,-304.76429874122687,-1.7349077356388243,-6.781803111864078
137.90476338726057,-1.2166222378619662,1.7747992184070027,1853.374491844927,2.3376854165482728,11.55150305042199
20.358238715090263,-0.19114262049893255,1.3271016627549896,-66.37527818952623,-1.082843542282435,-4.118424481601971
58.073026718432985,-0.16295450975010223,2.431586831400876,534.6966589886293,2.3665968602432397,8.45269439780327
247.02674803414416,1.0824699652215342,2.905587960888121,4268.394253346591,4.174577033078703,16.340509289955754
3.808742125253007,0.1626014805768785,0.9278887525463133,15.877257493682066,0.6346549038820143,2.5194383161012257
65.9912544896791,0.431415471142754,1.919810907766805,-447.09124253842185,-2.0258319128211317,-7.760253493867909
2.3869452206941415,-0.028866883012306055,0.9986466974029385,8.68116757272102,0.7975983932588813,2.3216844311787157
177.14611969045845,-0.6211441554572714,2.9015884653300508,2633.2860182523714,3.7284534941537237,14.084931433267007
4.6454402875049485,0.06668560463643569,0.671656354773146,21.39444413568735,0.3429678782266604,2.436484720797938
5.308672914391562,0.597225675315993,0.343440814521827,-7.416703163334043,-0.7908733372916676,-2.2328094258660878
1.5828463581346663,0.008180909608014889,-0.212984523615612,-0.7954931971348217,-0.31662063231549453,-0.9828493742433844
-0.32224705446209834,-0.9948218490284724,-1.5171562948973616,-0.11852765434640929,-0.0715991626566915,0.11654947711948735
1.7123580343588614,-0.3637006871775522,0.7328883452977923,6.5491798719927266,0.5772530640966076,1.9724063824588194
5.985350574434224,0.6239527330949056,1.1266142512991388,26.784532566009325,0.7787698452493519,3.021900926828642
19.377995079422774,-0.5827666789018229,0.862451838718885,-63.98333829043211,-1.518221855048275,-4.509796780274224
0.049308745306294643,-0.7794884853773267,-1.6266479713992739,-0.29491941220690926,-0.34231719294332463,-0.5369043265077067
4.612775515693737,0.7316694267440087,0.46960852106825063,-5.178550138193196,-0.5042422761265493,-1.7956198483209371
107.27132429067078,0.6742542680885839,2.61298040538862,-956.3826566381001,-2.1382419285910554,-9.528410910285343
34.20048727904787,-0.4813813019021705,2.116944254780853,255.8925519829707,1.855664847469283,6.615532322004669
286.7848323657977,-0.4904674286198152,2.2745921248463286,-4458.129827489725,-4.640602869309855,-16.98382125368577
3.318570311523554,-0.1609675175858967,0.6372735130833168,14.572833587277566,0.35256501134798834,2.1953981761705386
1.9874296450152655,0.1066977883422475,-0.10598289978650526,-1.2919684849064137,-0.4114785754314112,-1.1953707575813082
149.8201967709841,-0.6378294682269317,2.727417744080455,2069.3767600010365,3.36816253703543,12.925311506001092
1.7912515294391653,0.3178683354026478,0.08683624061678066,-0.29678984203967856,0.0664806746753131,-0.5555993617211308
120.81255504747584,0.506258802408799,2.6637263967828027,1518.222249657175,3.095197439107264,11.714759681896773
98.90862522515565,0.7715829230901048,2.3315156331384,-844.7795655027877,-2.278268349863438,-9.368443815724854
70.32087096476872,1.1622449287363619,2.5044850489020885,-487.8141483848226,-1.527718958777537,-7.433493128823076
98.6535763372144,0.8959921993620519,2.2708255145811322,1140.7075741022384,2.5365431792001494,10.373166530030971
4.064514155619007,0.7308500211251329,0.47527322908601544,-3.8581183708748807,-0.3696725996582386,-1.548331660075065
2.7238017239165493,-0.03717553680896202,0.9144915773545985,10.572655835667213,0.6790045222175293,2.3181924695072174
183.42319835159364,0.4178047843249974,3.3053669510870485,-2209.132194083254,-2.517863600809642,-12.28686598650089
0.9746144417921627,-0.07517306846810448,-0.46941622116291526,0.05131201960085316,0.06041107073360916,-0.327557061863359
96.44324617288416,0.6479278129528181,2.117205918732231,-814.6935775321978,-2.4518220514620195,-9.456237541312671
103.1157219210913,0.478930203624134,1.9595085605158649,1220.1783943028465,2.262232612144634,10.27749268626383
89.64412021671752,0.3666679589116848,1.6898730622040525,1003.4652261357922,1.8893257707596343,9.399510172808078
71.02757693523324,0.20346116326779917,2.0906639775209706,716.4739854654742,2.1363133247181323,8.847744026421108
7.460731174074177,1.0842447985486658,1.4941291617740138,33.63647249013415,1.1298947505089552,3.543078357180944
1.5580243568956902,-0.0061939641261233025,-0.22815057268354694,-0.7901788450211205,-0.32367073904394134,-0.9854869927266005
1.0495935815494355,-0.9025915252497047,0.21577517710164973,5.377561424466993,0.08076453535402905,1.4239817451366008
6.9578031077857485,0.3729395541157417,0.7687924018332883,34.252048368435695,0.40203107022744217,2.8474824471750444
-0.1964094819355663,-0.8777227119522901,-2.2265070155129165,-0.09043751510056476,-0.06251520203534487,0.0262202850100504
174.12254615501791,-1.0015670004692514,2.553782301327233,2575.485307620329,3.362705104470425,13.643291688588251
56.53001643451322,0.12348093714618802,2.1172976924199336,-346.38681156670634,-1.588074006531842,-6.856148253063005
45.58098635806026,-1.2006373595020923,1.7617436977669871,386.62287353125697,1.597334329971487,7.062135853755038
0.030560741245734463,-1.0795264040349892,-0.0037066689355468307,1.3883383975404122,0.14185917935721157,1.006994334304132
0.6120144029778971,-0.29607465188099963,-0.8919440123738482,0.06062673069449908,0.018326906664367287,-0.2570170250246101
25.8447113592334,-0.18969755821466713,1.653131055999086,176.9943339451232,1.3314666298339743,5.542999915409988
13.725876153059136,-0.004568901490836663,0.6194858469589298,-37.0110806765764,-1.4077686683701853,-3.8940824197220905
103.17592931029888,0.9205598789751775,2.39115736008712,1214.341350866728,2.6910152558001257,10.692526417429741
107.20591812959005,0.3587933836763672,2.3095329171701304,-960.0542367405433,-2.4457469002084524,-9.84457518973069
64.79482080117609,-0.07338506643804092,2.1486295210586053,628.3179055127215,2.1421924803689762,8.565926106958894
0.46597592981169256,-0.4165116838596459,0.43928861393552754,1.235627943781871,0.7971996796118281,1.4487424673180822
31.29368265045342,-0.3230255561778815,2.0468114670293907,226.66582879023642,1.7630951586493275,6.334366581706105
75.94980108650437,0.6667455906117896,1.853406058943508,-560.5280250815767,-2.317044213278312,-8.499972726528014
5.16608589559315,0.7190429658058801,0.46031876155956103,-6.612721685066533,-0.6265267682471719,-2.0227355307698667
37.95636870481445,-0.877192711911286,1.8432135182822622,-182.4101847533451,-1.310507398997407,-5.564822544736366
116.50661968526472,0.3967598886203816,2.3668459299066185,1445.948182768466,2.7683536538913427,11.249437970752286
156.17598945865265,-0.7087744486227012,2.7940394207836885,2196.1491344388082,3.478721290934817,13.227123219042966
36.511457314309105,-1.2170696986928478,1.5562663820732112,285.89050068457163,1.3182346339917272,6.260899510269384
32.93533011101377,-1.205096862176032,1.43540158699531,-147.46669012940978,-1.5487352803051921,-5.509095049222296
503.33147749500233,0.8997605473079083,3.0465003683930045,12075.965081158956,5.649144234559594,22.856055394660157
32.82812381556416,-1.2852186317577812,1.3543456513769936,-147.35499013844478,-1.6287805118415777,-5.587415207874409
47.43922582675102,-1.0155549980017486,1.4373106592588272,-267.0691515677177,-2.033765798353548,-6.861078897639783
330.1899058081136,-1.1329599089083457,2.6681481588660003,-5530.06596761897,-4.625398668896742,-17.88812110745257
278.066476195401,0.07201459599549812,2.5572965291917074,-4243.591095295858,-4.274480022886953,-16.416698044228017
202.74870434222348,0.17832184733854978,2.407093857513822,-2602.8201102120274,-3.653149180625571,-13.969609849365545
147.80597444835394,-1.0103629837650079,2.4402136918411492,-1588.732774750679,-2.933807830079216,-11.685190914483076
35.98001515920262,-0.8436434509578429,1.8621851479793796,-166.77632219821845,-1.2202128149218732,-5.349816302632994
109.38571983820987,0.509889001711714,2.188420641287174,1323.770351109108,2.5374440109384446,10.772910287160988
84.75947932743664,0.7772804670130166,1.948539774282914,-665.9908814559283,-2.4014171181936153,-8.950339867272687
396.60185410524014,-0.39020612536238325,3.3382154806231155,8506.297071887318,5.4253048555453045,20.735097120677946
253.2385195658939,0.84013822121539,2.6412698789887066,4432.018509187405,3.948955826349681,16.268659634629994
29.975313733611532,-1.0814049477308034,1.4170670401790415,-126.36184990597685,-1.4493427184579877,-5.210970457713562
3.2423116098133797,0.5384669640360514,0.30109546017578526,-2.60436518237929,-0.3591803128056427,-1.3889515068410159
144.0004675880283,-1.4910243857181682,1.9233127596543627,-1534.1823730104309,-3.4048587526417933,-12.053960617479635
183.12919101580064,-0.7147740234348793,2.1446921174805023,-2226.6695110281225,-3.6890220750090887,-13.482093132992924
4.364910391779849,1.1552110211955189,0.9023983269134713,-3.142525168462821,0.09016608681656885,-1.0610438614666735
203.96166809227103,-0.6185333180658745,2.1910487093878714,3246.476787766845,3.197861467005267,14.303780629391094
52.81383557660462,-0.3975591042908791,1.7903560175313147,-313.60211579888943,-1.8238285562073506,-6.91865767734931
15.283702877901648,0.9488119408348653,1.5624450102503789,87.12574437983827,1.1815924173489913,4.5055418318489435
66.72575340922104,0.5566659293201573,2.0176901078335177,-453.9256655442677,-1.942903032210077,-7.706796597408156
119.04997440837467,-0.3148054617629242,2.2447372123563043,-1133.7519862167019,-2.706416260748297,-10.526676835833943
15.628268614320715,0.5745907019413223,1.2513515006557743,91.89326442770917,0.8727478636638399,4.260351574411347
104.38552217521728,0.9974052996040582,2.4984268267611647,1233.081726908928,2.8067839905387433,10.84902504759966
2.5758554565652445,0.5033205908621643,0.28763198207858515,-1.284514055142596,-0.11877548615726408,-0.9673927347942609
63.97947929464534,0.03534518937897588,2.3111304173948164,615.0929938240698,2.2965510259938076,8.674308871107613
21.973506758927865,-0.42305471269739964,1.3147113561878436,-75.68646683209845,-1.1838351384794779,-4.354553695809192
6.115172765323758,0.3361805573269383,0.7955412116789403,29.110962885475775,0.440026540363183,2.755935524868936
169.11844570601167,-0.4361559010370812,2.8408268643867873,-1953.7749105164023,-2.8105809048043526,-12.187124401246397
203.3273728869036,-0.1980487138069419,2.0016871178208175,-2622.895720212967,-4.069705996682746,-14.412088381151882
173.9432879913563,-0.5342870261530911,2.6172317220365584,-2046.0583915887273,-3.0978419428927397,-12.619355310317799
20.576541333915078,0.9500434774957407,2.0933615891258155,126.27187662660839,1.7344514799160609,5.492335424493941
0.6366738914953671,-0.4099752018126832,-0.8070834765923913,-0.2783108513892763,-0.27082314935696594,-0.6565868402826511
65.9363628155889,0.499109751489303,1.9931347740975849,-445.62624036260166,-1.9494849668333671,-7.677953370287656
28.978312255746374,-0.8129231073763448,1.3985176433603357,209.37805492688528,1.101944999736334,5.558198372024018
38.023717840635115,-1.0416473854549098,1.790993623921081,300.0462873512159,1.5634324685938579,6.585053769682129
74.34901453289254,0.46654612418880015,2.2009779757620347,762.972753023971,2.272999045009233,9.12629955968404
11.537102070488908,0.789156621020162,1.1670105029659643,62.0635608892573,0.7807575527237404,3.7535383739683406
1.7085311040148656,-0.06756757742793584,1.0761255476959581,5.338213777711862,0.9756204013329575,2.2393476543148108
0.10083457532813725,-0.6275656776998644,-2.721184465436707,0.03287239862579464,0.017217141699336417,-0.030522324714258954
53.13953985408172,-0.37288575347847347,1.796974904651676,-316.6632935144022,-1.8259687100798074,-6.937346408425147
3.48036359297582,-0.2607700840362327,0.48628288239299566,16.01654475112661,0.18854979267158445,2.0965259129081275
178.90545902660872,-0.1890894859757613,2.8252650034386133,-2133.866530640292,-2.9487092542080973,-12.604814622086666
357.15076744523617,-1.0387895180043356,2.8155705867027607,-6237.340314331107,-4.699098054793347,-18.50481042317229
30.649385434794286,-0.41333861914715164,1.910071064827415,221.42352146534765,1.6224111040694524,6.159010612536146
166.55132558052054,-0.8135777240283079,2.7806932752433995,2410.6012708542858,3.5368418667669315,13.59284244508637
36.69750899154423,-0.629312624926855,2.0828620800878515,-170.39799701756806,-1.017567493696991,-5.1785536725141155
0.6113634850569769,-0.23234189874868594,-1.0166537138346095,0.22799939276374975,0.17992896441927086,-0.031327271110014265
13.772667412581267,0.3120926046703193,0.9004423784695624,-35.67230352315224,-1.1090571391238093,-3.5712961569869104
23.87225070539167,-0.2399696653092817,1.3978337010622313,160.8266233853365,1.064154280983935,5.145283109571733
520.4009298577307,0.8964393679013618,3.549819113310831,-11101.100423603415,-5.132133957632916,-21.86315357698079
42.57672754232292,-1.5014877225043959,1.4560327724809117,354.75803345217133,1.2690225945686775,6.580840898403733
40.52472323148616,-0.9427583172681032,1.9689201890592505,326.03863459571426,1.7605506094566274,6.922335199398578
88.98970145886437,0.4726239608098052,1.7213944828043926,-722.608161781168,-2.7155919004409133,-9.444338276064123
3.859299536175149,0.2877276745720234,1.067614398857463,15.562400338539799,0.7780918621145952,2.6443059507977575
1.407741747721423,0.07119617478705839,-0.18368532901050694,-0.29500360466045467,-0.0714213462742314,-0.6282228090846335
1.2609075684100945,-0.44384959788056455,0.7074942040765949,4.617085947694248,0.6231193321052401,1.8524496667323462
88.92485044627334,1.2129261017851245,2.4441739972288485,-711.8058297274938,-1.9776495805921326,-8.674957271373852
184.46200011489603,-0.027192464005483363,2.810486974811527,-2238.6359513573098,-3.031274685197919,-12.842830791416393
3.727484521770435,0.8638459123401551,0.6209805747567041,-2.6377343978792407,-0.0909665469017259,-1.1609190160711527
414.62814891289,0.2388230854162893,2.9966469053579807,-7843.077705951138,-4.959575607972812,-19.86085558860347
21.72973828376134,0.1008671268864863,1.7493049136448713,-71.32512461750771,-0.7129847632166082,-3.8280537146181848
