,0,1,2,3,4,5,6
0,201.0699760800718,0.6767742745661118,-1.0419085513942092,11.135688600029127,-14.227373178948945,14.135688600029127,712.9867053536351
1,312.5214955275741,-0.5445610739165452,-0.6894646285090866,-20.669775087252958,17.686312194787007,17.686312194787007,-1381.147347655969
2,0.4937378868243282,0.4107239492649499,1.4420404476154567,-2.6550859425633315,0.6079640633947219,0.6079640633947219,0.47587025336696287
3,24.57188668819678,0.6905234373139872,-0.8173382389247514,2.0218294687655516,-4.877621574850841,5.021829468765552,30.388903925224543
4,0.06761474879092844,-0.8988720565412736,-0.49100902027028626,-4.292784438242354,0.24524565380406027,0.24524565380406027,-0.6374652178232112
5,379.6967036363989,-0.49474007936810793,0.10529591117738732,16.310656383209842,-19.67018337860633,19.310656383209842,1850.8081983321852
6,140.1446487438619,-0.08567483962110228,0.3669850190666075,9.102441659483494,-11.550788316339238,12.102441659483494,413.8195035369847
7,3.7294654403426875,-0.7600840189136386,-0.7128570137306215,-4.858119046865737,1.974099692888673,1.974099692888673,-1.700746645385872
8,52.01518341558752,-0.41108746070711205,-0.2426875640857009,4.245441241574769,-7.173909290252434,7.245441241574769,93.72444603896994
9,204.82640212018018,-0.6681003404511686,-0.8450740339347168,-17.211498966087195,14.405246370716268,14.405246370716268,-732.2397235049266
10,18.821275696367426,1.2719974905020728,-0.2294187770327289,1.72018912985642,-3.85637646848984,4.72018912985642,20.146610415309432
11,77.89072642573021,0.805194815620332,0.22825081993667815,-11.985668359187494,8.682635772138168,8.682635772138168,-172.510776225341
12,4.625688442219767,1.047042894527109,-0.2969451392741327,-0.7135313241447179,-1.931741861921564,2.286468675855282,2.522859849361906
13,2.6354325741732327,1.0243254019089376,-0.6572158000953965,-1.14706825904444,-1.1793092223336585,1.85293174095556,1.2080579730628427
14,0.2355876903849941,-0.49025443447103495,0.10965102580515712,-3.8161893590939036,0.4657195343362418,0.4657195343362418,-0.24106455589196432
15,123.77229680734175,-0.5153758249788247,-0.8229460427366322,8.265585099899237,-10.971807556210177,11.265585099899237,343.7852313664815
16,409.14422273918507,-0.8261497022224847,-1.1185444761084873,17.043297934462377,-20.420656495103987,20.043297934462377,2070.214807449609
17,502.27231139700797,-0.5543300481655222,1.1056872469121282,19.826605278598386,-21.977308067969616,22.826605278598386,2811.0170482174044
18,5.547267309674412,1.016310359563758,0.05355925088920891,-0.5687307162426644,-2.2380620045932145,2.4312692837573358,3.2779729417117935
19,0.15227772163337444,-0.6650918711977643,-0.13973287653985556,-4.017773756200765,0.3655445002090997,0.3655445002090997,-0.40883573686694447
20,38.83924590538026,0.21156203228397702,1.1702977327371769,3.396597969366821,-6.03889903531355,6.396597969366821,60.27400498063941
21,38.163384027339426,-0.4442513616570374,0.5133003726425486,2.738459850400104,-6.693936954634144,5.738459850400104,59.57248256035436
22,22.320200189690787,1.0964929935656966,-0.6189454486877257,2.063548919877558,-4.304641152010921,5.063548919877558,26.072589097860938
23,79.75595035694853,-0.7529385152044076,0.7450002169379596,6.133762420969467,-8.703361791434391,9.133762420969466,177.56248012103623
24,166.20473293371904,0.47870240083420523,1.452672262148504,-15.238868185063843,13.49639699924154,13.49639699924154,-532.01391786554
25,26.0423741561015,0.04681936762478206,-1.1289746524989732,1.6613606443028375,-5.640470038266838,4.661360644302838,33.676375143824416
26,22.356991871640385,0.7612366483791735,-0.9421918796420377,1.7798363929794014,-4.664606863662444,4.779836392979401,26.38326498282708
27,542.5177745705387,0.6712842954239641,-0.9842285967888724,-26.418400583951453,23.17093331155459,23.17093331155459,-3160.2870350617804
28,0.6490433669794244,0.5191048942290176,1.5429078374336775,-2.5754542817247534,0.8022215127990204,0.8022215127990204,0.6117001374173225
29,158.96309527735315,0.35125464686805236,1.3633782664098777,-15.228720673924954,12.958437701987322,12.958437701987322,-498.96500492324674
30,94.04108576966573,0.6128721082462822,0.4576799660413578,-13.093352365724545,9.340388176368112,9.340388176368112,-229.73729665606393
31,1.849808146175951,0.8154523290599014,-0.6125491397284148,-1.503645396252568,-1.0572908415566362,1.496354603747432,0.7399253259591831
32,121.92085354820247,1.0493404716939523,-0.6451817619215385,-13.672787761549033,11.378775422734284,11.378775422734284,-334.74217363702786
33,23.64608762975833,1.0005339764627943,-0.6378403514850668,2.163603052652327,-4.492605026433111,5.163603052652327,28.471985779149662
34,395.7938723020888,-0.2961719129411442,-0.2867324077466163,17.090218836680148,-19.68882980896915,20.090218836680148,1967.2407274044958
35,762.5493189779502,0.9675679687737315,0.26893874356396585,24.635499747055988,-27.59230932655104,27.635499747055988,5264.113537907073
36,22.096659869573756,0.8358930797950266,-0.8786175967107385,1.8080913624208017,-4.567723465320546,4.808091362420802,25.876105048779383
37,119.27458035501589,0.6715266535637165,-1.0501959516169614,-13.984463901669477,10.863647114927529,10.863647114927529,-325.9659186857598
38,211.72380984634555,0.6170177638960631,-0.8879560964157316,11.336083818732604,-14.780653262771924,14.336083818732604,771.1750541528284
39,63.908923152011624,-0.8749624029769465,-1.0743172313486413,4.884040571984473,-8.119276738534177,7.884040571984473,127.96201387713715
40,274.191388962473,-0.5353640323532265,0.2701659638178102,-19.169454246231712,16.925169565079347,16.925169565079347,-1132.3416189557086
41,126.73857272870508,-1.0227949070115152,-1.267895266323296,7.854872666893931,-11.69819672582238,10.85487266689393,358.0600377824219
42,47.12712967814008,-0.7811378676346443,-0.14626031686593255,3.4218582137598785,-7.377402931225046,6.4218582137598785,81.63628701479625
43,238.4553329149875,0.8715446096559859,0.7458598408887823,12.325998456640987,-15.565761910279294,15.325998456640987,921.1311632983386
44,0.6844810951046427,0.5420168136113974,0.3813143743285564,-2.1035386427634815,-0.49351165653814755,0.8964613572365187,0.2853955560610264
45,89.02375398129503,1.3735074233097326,1.3733434217040168,-12.041907051494755,9.788943765632562,9.788943765632562,-208.29640188580456
46,257.04831753299544,0.47264266969970103,0.2637501228248592,12.535834634902015,-16.561591811548077,15.535834634902015,1032.8685649071429
47,255.7521068990502,0.9517507031495392,0.8033046173783585,12.955362655088141,-16.031521295639273,15.955362655088141,1022.7032959712903
48,15.679250334795642,0.9140360054844175,-0.06960523027336221,0.9567534422581865,-3.9635057703833327,3.9567534422581865,15.52293221168715
49,98.6365347489304,1.212893620540051,0.7927405070554898,-12.676024239364107,10.162647406236964,10.162647406236964,-243.75554423313656
50,160.49104796293406,-0.1653015535474025,0.8653287792606059,-15.784975907187599,12.560879468572866,12.560879468572866,-508.9399043111122
51,10.382410938049619,1.1397700803502504,1.133305748292278,0.3405467331189286,-3.060143669016965,3.3405467331189285,8.334852962256162
52,2.043782809357249,0.40896269428009174,-1.277562122189227,-1.756786141876294,-1.8067314594236115,1.243213858123706,0.6048380423754116
53,1.9361616505547832,0.5314085273632075,-1.0905461853398468,-1.690337098205136,-1.562767335901504,1.309662901794864,0.6140729935758222
54,214.29229879293393,0.963614804189051,-0.43959774630765225,11.739230070285315,-14.531112603453087,14.739230070285315,783.7744566367948
55,34.163716652127626,0.540457298571243,0.9082922600024561,3.12852470331493,-5.508240208783616,6.1285247033149295,49.553403095217554
56,124.94369981742658,-0.6488986232150912,-0.9432385436555181,8.169005326924708,-11.187463902842826,11.169005326924708,349.1790600512757
57,53.33454918870707,0.2521466953789555,-0.724567686809672,-10.562896296101547,7.076470121347546,7.076470121347546,-98.28627481069901
58,1.7046778224127495,-0.6329009613894973,-0.8931881634541395,-4.336204518707513,1.2919533285313651,1.2919533285313651,-0.5894145891310367
59,122.39847408830698,0.7788544490932958,-0.8973734585883612,-13.964545960367854,11.153673698479135,11.153673698479135,-338.04853005160714
60,-0.13882649560039584,-0.14106301971493024,0.8611145306168972,-3.1432798894476215,-0.13441241778005755,-0.13441241778005755,-0.13884617540344923
61,6.167814327914821,-1.050371362207695,0.18998773228394492,-5.604522272888223,2.4029186467723416,2.4029186467723416,-4.024517434801905
62,403.18785714896575,-0.4862402159329254,-0.683924941570886,17.167099610270594,-19.987504590956885,20.167099610270594,2023.3701773970613
63,-0.08677857483744579,-0.025051817807686866,0.6993361242518911,-2.890062900950024,-0.42839494186003846,0.10993709904997609,-0.15435362853848542
64,88.4681707016857,-0.6143558389755872,1.3823238184724758,6.7706883353710445,-8.999790821513233,9.770688335371045,207.05481080014022
65,0.19782793746937793,0.2304091984627864,1.180037981489653,-2.731052663159981,0.11483290978557803,0.2689473368400186,0.19200451116613543
66,447.12402923031226,-0.5539047200542844,0.21895042076585694,18.49313423394978,-20.78062958745921,21.49313423394978,2361.1756878214064
67,139.14721057874252,-0.5598272268500039,-0.14172762825655327,8.616207646871425,-11.991844275562856,11.616207646871425,410.9907562758928
68,26.166249317893012,-0.6009889483401474,-0.7369721055025016,-8.17213623559146,5.068572915255648,5.068572915255648,-33.61318537944557
69,311.6902093137783,0.3728595784376823,-0.9104857299418736,14.472616818945838,-17.84749929361022,17.472616818945838,1376.7569125597186
70,305.96693207668335,0.756538799231576,-0.7862384711212209,14.615519825064029,-17.361025746940154,17.61551982506403,1337.2792072197833
71,141.41843363618597,0.038462137481798275,0.5658888890372991,9.252883787045391,-11.499307302969704,12.252883787045391,419.13280237353206
72,10.024329995674972,0.7697917129737681,0.7629135245554926,-0.02755006381692543,-3.431948294699582,2.9724499361830747,7.979151636650877
73,-0.03178270364318154,0.028268144840838047,0.8465707623253556,-2.870417397958036,-0.27498580889056096,0.12958260204196376,-0.07063229164160437
74,95.31411229415563,-1.2305925653889374,0.5180075564546828,6.529554216849163,-10.021408893168221,9.529554216849164,233.29042386723958
75,317.22672387878265,0.8082643150008522,-0.1920663282385568,15.110403824175629,-17.494007458469078,18.110403824175627,1410.7703896787625
76,38.230785731275304,0.42280932819007555,1.3251328829022726,3.512356168363796,-5.795770035903914,6.512356168363796,58.62572049017763
77,93.12871246131411,-1.0566408454379044,0.8339222441685318,6.590416361302793,-9.716773057066298,9.590416361302793,224.8460076657575
78,12.978467619425604,1.1534882588136413,0.8200331171928633,0.7550757673452261,-3.400699359177957,3.755075767345226,11.627572807580798
79,61.743428449172676,-0.66419441054256,-0.9567449290935378,4.898199120546296,-7.811692698039779,7.898199120546296,121.20613798319293
80,117.56422769878873,-0.9525320775763036,-1.1553689651513377,7.655309081859854,-11.048209326075439,10.655309081859853,319.2811797299878
81,51.838146041395426,-0.5645621440156181,-0.39382520376885105,4.089672303922975,-7.326508037362312,7.089672303922975,93.50848153489301
82,58.49738597693688,0.8889351268272081,-0.6373325027048606,-10.366139985591518,7.89590489966549,7.89590489966549,-110.82850285566289
83,213.0539602699938,-0.5463244822025384,-0.32289369380414595,-17.28564495373214,14.886501487893515,14.886501487893515,-775.5092206781784
84,0.37057543134543014,0.07233064067563935,1.010186580203794,-3.104257268484973,0.5984848726866174,0.5984848726866174,0.23626859088983607
85,9.250620929832307,0.6036653323799366,0.6012816369054885,-0.2902464193246377,-3.5021049550705747,2.709753580675362,7.094391301315181
86,0.7579533468715046,0.6503752765240711,0.5858872102682458,-2.0161569215705675,-0.3267065533016125,0.9838430784294327,0.3989095705776753
87,50.436016591576966,0.3717493628259892,-0.09737103679801429,-10.130855255595176,7.076626041078794,7.076626041078794,-89.64636369214007
88,-0.5790368799575314,-0.6651522027237183,0.36604695247690844,-3.732991050403257,-0.46184326915085605,-0.46184326915085605,-0.5980401312885392
89,174.68835254366013,0.5799488629084684,0.5507383218605872,10.472051594579684,-12.941826578503656,13.472051594579684,576.1643891149624
90,0.2127868327215592,0.16104313173112486,0.27003851603583295,-2.5439204229483705,-0.7077160965167478,0.4560795770516296,-0.07655986702676873
91,14.408547768605693,-0.6543820300091345,0.6335440883271044,-6.457544915811386,4.055055787714435,4.055055787714435,-12.951399039661093
92,8.892339261364807,-0.8966168472271002,1.0379634927928238,-5.865772721292979,3.0647718410506717,3.0647718410506717,-6.418791400022019
93,23.949843764022688,1.0880074675966611,-0.53152752124488,2.28066291862652,-4.41857402386359,5.28066291862652,28.945345344253678
94,70.78198644562286,1.1239172547193825,-0.21113939497313655,-11.145374797680203,8.650957548430112,8.650957548430112,-147.82618368756619
95,1.4518337453483903,0.7785813282384564,-0.31625410186040803,-1.6486716216667379,-0.8327414963196283,1.3513283783332621,0.5848673601345444
96,85.98121943647209,-0.9923038950794633,0.9586817738388694,6.277140526304129,-9.267554274138305,9.27714052630413,199.30561637094496
97,495.87767918752377,1.3335763951821331,1.2008947585410668,-24.91797705921643,22.603255623861923,22.603255623861923,-2757.386212497424
98,23.02702334957338,0.08683126294469123,-1.5254421334922006,1.2901904368218668,-5.4245861897478616,4.290190436821867,28.084375734638694
99,759.6630157835718,1.045162142452322,0.2499592011155109,24.668288254267257,-27.451753413466317,27.668288254267257,5233.444439758263
100,96.18919795916781,-0.40758975547626985,1.337312127424768,7.354998332559289,-9.201315916408207,10.354998332559289,234.3050030466692
101,108.15689581094357,-1.2151677662196418,-0.7355420078707139,7.080485701642392,-10.751449162036561,10.080485701642392,282.17778603764134
102,234.39401891969914,0.6348989285532237,0.36904604747934133,11.974777739126031,-15.66770806625629,14.974777739126031,898.782528770185
103,0.9864082162776417,0.6077266745595884,-0.06090275209828466,-1.9257560984573447,-0.7311487101318908,1.0742439015426553,0.3554405136960938
104,20.26793879546374,0.2683319955468563,-1.443413614329211,1.0645227235892094,-5.04803940483225,4.064522723589209,23.154995399352224
105,45.20801164581314,-0.47852354157722615,0.3562209424913039,3.491363338669068,-6.993290970865349,6.491363338669068,76.37385735508701
106,283.86720991205345,0.7223420253897382,-0.775649395253285,13.733373885344147,-16.970377338435018,16.733373885344147,1196.3044702953575
107,2.4414818067895916,1.3500706879939095,-0.11626390115915608,-0.9533140806965038,-0.5592977512063823,2.046685919303496,1.2967449692304682
108,133.1272091517501,-0.4601512498400657,-0.43712934809616955,8.568928335639114,-11.50442943485978,11.568928335639114,383.9007022803424
109,0.847907962204546,-0.9341063221342492,-1.0217434565391001,-4.522146966975681,0.7151697794550584,0.7151697794550584,-0.753459902646052
110,612.2709553251914,0.02444473279418677,0.5505570908157549,-27.914478672627922,24.580488759694255,24.580488759694255,-3789.2415453950694
111,0.11803477956268718,0.17396305441482454,0.8057519213826042,-2.662077637977078,-0.31501904039007,0.33792236202292203,0.020150727194892772
112,14.54067970907786,1.0227809277758215,0.32220797718159316,0.8801020814284324,-3.726130620391699,3.8801020814284324,13.828763496623134
113,74.77770483029138,-0.9921969601467758,-0.04236921718115312,5.585163136983497,-8.717295781021221,8.585163136983496,161.80659313190546
114,441.289902807505,-0.9253967909409877,-0.4291923589182833,17.964125174562827,-21.051763338692236,20.964125174562827,2317.834737924445
115,217.43519547172542,-0.44860353906818046,0.0605041462961573,-17.296515662866444,15.16537601408572,15.16537601408572,-798.7221999456258
116,5.03483437326199,1.05456490128372,-0.13131554832038866,-0.6308158509798865,-2.0458708866956377,2.3691841490201133,2.8510751224366664
117,4.563579882348649,1.0747670042012623,-0.30312288542394206,-0.7028970535264569,-1.8755785287931477,2.297102946473543,2.481127417772969
118,114.68961542178148,-0.7277886760927587,-0.7628045539001852,7.779850286774086,-10.631888015977829,10.779850286774085,306.83897697839313
119,46.19851043107265,0.11525563698399871,0.3547890067430005,-9.951450181719192,6.663605153487971,6.663605153487971,-79.01327112872382
120,26.52311307176859,0.9408036393166891,-0.30872668703493256,2.5004376127653365,-4.724024530688503,5.500437612765337,33.79012684680781
121,61.940075555021934,-1.0821144149105164,-1.3582431412439318,4.531816819111747,-8.254427969327296,7.531816819111747,122.57680107215029
122,29.639556097434863,0.406652302499453,-0.10742283922944887,2.4436690791013183,-5.44488734099025,5.443669079101318,40.341717292811104
123,102.04112519872332,1.166513232209203,0.458341135649683,-12.869161192127512,10.311989521736061,10.311989521736061,-256.6334525873905
124,11.821569597334678,0.5317954566340762,0.2975931952402485,0.051459286656405534,-3.955240409742033,3.0514592866564056,10.297665634577843
125,18.015414319743186,-0.6338592518119757,-0.32473187586669416,-6.9930930446138175,4.442691472713187,4.442691472713187,-18.534925218741957
126,16.82298090380423,0.9059969509213447,-0.31941268457243926,1.1178093381003835,-4.080849305203617,4.1178093381003835,17.240275822264604
127,132.02425337681524,-0.76046356686293,-0.7835380798587392,8.248482392356047,-11.753860299681014,11.248482392356047,380.08225576389646
128,527.7284675901257,0.8189331932718057,-0.4469796430821832,-26.036504759914205,22.910911456531185,22.910911456531185,-3031.393408342027
129,68.03873273745099,-0.7682441401828451,-0.6471289590930888,5.30744954056996,-8.182067326896375,8.30744954056996,140.1742017382876
130,15.044402652266792,0.148812444307457,-0.8635464439975495,0.21076968391679385,-4.741534385483508,3.210769683916794,14.950144851229087
131,35.62908315171211,0.8058503194856033,1.7022879138405937,-7.880342904415981,6.88827895640018,6.88827895640018,-49.932267824236
132,31.12486677091345,-0.09555577836584728,-0.1870307912652663,2.1940619660611738,-6.039374368787893,5.194061966061174,43.875730152544136
133,1.4876402022962765,-0.17839481095923315,-0.21299959209388908,-3.74105517221209,1.4077194303965923,1.4077194303965923,0.023288645181379408
134,11.059818750514996,-0.5616470692596094,1.4090269701105957,-5.8227039405752645,3.6959455900493037,3.6959455900493037,-8.21949219683854
135,55.43087831813204,-0.1825220306498747,-0.29196577407929425,4.777510800532343,-7.064940935717229,7.777510800532343,102.53653421005576
136,84.31690314745603,-0.8719065624182386,0.9989840540726147,6.2962263704317065,-9.055508617980756,9.296226370431707,193.26444230194556
137,65.06639479755603,1.2370034623440114,-0.4653939171389626,-10.569162249580717,8.505445452751626,8.505445452751626,-129.33080569606
138,0.23271523277886927,0.27609927901783127,0.8046971333265797,-2.530755440020236,-0.29862898483595357,0.4692445599797641,0.09945657225731779
139,28.29610392195556,-0.30523864286866254,-0.21310180962211447,-8.138782264342236,5.468954153460813,5.468954153460813,-37.13571703902805
140,17.98644265428636,0.6678085449912805,-0.8005071337314363,1.0828253646610808,-4.4414333468998874,4.082825364661081,19.176886520644285
141,7.301907332045012,-0.47207342726853957,0.9778461710914157,-5.116702347010477,3.1021752620297556,3.1021752620297556,-3.9492922191455553
142,2.7394396000137573,1.0100168183126947,-0.6928997919453643,-1.1334719369763637,-1.252822344049362,1.8665280630236363,1.2553641643998983
143,44.540667789246235,-0.22149566118990785,0.6807254169875823,3.649440369496585,-6.702276502217994,6.649440369496586,74.35447095132172
144,138.30221324910113,-0.17339271537470446,-0.5492128627251263,-15.338548132695971,11.228972001155318,11.228972001155318,-409.6191848425764
145,355.77527197978463,0.34690561685499643,1.3484897335230122,16.20127569245904,-18.504255023623823,19.20127569245904,1675.5428451515738
146,0.224177927552972,0.1478495382663471,1.1792006002625701,-2.913513083380085,0.3317836859613551,0.3317836859613551,0.20867406283756484
147,41.689914734175055,-0.5327477632063456,0.4861584921335234,3.0604019920315366,-6.919499967858371,6.060401992031537,67.90876472656758
148,1023.729336438715,-0.40884532616213054,0.27407168993633835,28.87562379561819,-32.11973199012515,31.87562379561819,8190.094697037416
149,70.07715669388678,0.8803728021309664,-0.49646678849307896,-11.354055519424662,8.386430630995392,8.386430630995392,-146.59064788688883
150,79.7723822811501,1.0579000764430155,0.6320779288345797,-11.837801351245336,9.015334582322367,9.015334582322367,-177.73653615400258
151,0.33533766175696333,-0.04849169304421494,0.8282062840716771,-3.2596353558699978,0.5788129220284707,0.5788129220284707,0.1411692399954957
152,211.46930026863652,0.8274631090525618,-0.6968211234524276,11.534811721372652,-14.54966716268456,14.534811721372652,768.828875988605
153,2.8217974561661188,-1.0612484353854106,-1.21569010337565,-5.053119409243521,1.4745364369575302,1.4745364369575302,-1.66114787306652
154,27.39174607701979,-0.6311866329162692,-0.6172018749965862,-8.38249203909072,5.110851793947691,5.110851793947691,-36.24284724995126
155,47.4093581196233,-0.9642366432637268,-0.3759324320039066,3.286739044199839,-7.5775711316974235,6.286739044199839,82.63537076046178
156,59.70758369333279,0.12602448521641318,-1.53127990823961,-11.310436962375428,7.214455854911856,7.214455854911856,-117.48065703245348
157,339.2977119784374,-0.04062789633080774,0.41297628450860285,15.176412121180288,-18.677251560918204,18.176412121180288,1563.9486614669147
158,55.34045455771573,-0.859178330605479,-1.0089741888956558,4.155211895952497,-7.763874663410978,7.155211895952497,103.46684087097942
159,9.573711489213736,-0.9598850466115166,1.0339512304035001,-6.0479589603666515,3.127463103757629,3.127463103757629,-7.319775846480468
160,401.48170295951167,0.4603251677932192,-0.8238348385017007,-23.13967123797581,19.939344047081228,19.939344047081228,-2011.9758845776894
161,46.83388665833771,-0.7185707666667778,-0.04893533727534882,3.4475409455215367,-7.301787776072581,6.447540945521537,80.79877198680941
162,233.18895259232295,0.764898967788789,0.4396595360459117,12.065441929701311,-15.489490698381037,15.065441929701311,891.2318664719766
163,9.359601767550227,-1.2438677326762775,0.7522763834137357,-6.343077800220002,2.854888459153607,2.854888459153607,-7.684517981596645
164,0.692279783993866,0.22697032868186662,-0.5855599058589862,-2.272744835175576,-1.2001597782715825,0.7272551648244239,-0.012695793000879307
165,14.908505233336996,0.8918245729371092,0.07705010093875145,0.8235759267728738,-3.9099014234716853,3.823575926772874,14.410385462244166
166,17.49558922552708,1.2565496731414045,-0.030459017748248995,1.5152980137117011,-3.7593954401227294,4.515298013711702,18.083352111386795
167,88.866258782213,1.5024482281594533,1.5013157051454553,-11.89767492519782,9.90272241499824,9.90272241499824,-207.15664240076035
168,0.4658957708792837,0.03570557482405051,-0.720622421459441,-2.4773830577343894,-1.3566528197839516,0.5226169422656104,-0.20961380913135133
169,195.5031507967682,-0.43673604391416065,-0.7370127215719996,-16.764044066919464,14.185373534385587,14.185373534385587,-682.0782411878689
170,39.306321692540976,-0.637084834210008,0.37814134317197756,2.699335092076573,-6.938016256140838,5.6993350920765735,62.44998716472405
171,68.88476758796011,0.7891108046482924,-0.6806093897214816,-11.360875542726307,8.245446404879493,8.245446404879493,-143.1678463894579
172,64.60927360145718,-0.947587386108049,-1.1000341493433858,4.873829858255665,-8.22391086586614,7.873829858255665,130.18509592826746
173,25.184855887484492,-0.33424265715664975,-0.5804207870355746,-7.724185668865311,5.259263981649741,5.259263981649741,-30.827557969957294
174,2.8667351474777223,0.6470203467713644,-1.064945520136999,-1.386682170200908,-1.8389605538096125,1.613317829799092,1.1729609542983277
175,52.11991422802619,-0.6420513669469636,-0.5066091064927167,4.0470826802292,-7.417364066339631,7.0470826802292,94.38531949223727
176,38.97603507152115,-0.3280744200790009,0.6648920694057288,2.9350801462453946,-6.604582747492144,5.935080146245395,61.28324984867963
177,1.3150491881737003,0.6044093880099516,-0.5332275236193099,-1.810779945634832,-1.036878039277477,1.189220054365168,0.42090405206329395
178,143.81327431613622,0.2971471428721392,0.4227114049210885,-14.977922049416769,12.005368075428915,12.005368075428915,-431.08457182769405
179,3.5577771468137462,1.0061671773915728,-0.6559683766890618,-0.9573750886298416,-1.614555726406346,2.0426249113701584,1.7426184084083758
180,15.66659321869673,-0.7119704151943096,0.20235241181441577,-6.720278346250226,4.1424236266126675,4.1424236266126675,-14.9791963778584
181,59.527364007348815,0.8477995911125286,-0.7584017774065086,-10.506515890486504,7.898834443820327,7.898834443820327,-114.05609005241278
182,12.165773751340016,0.8471543052871658,0.6079164561471858,0.3712475588502624,-3.643576193343896,3.3712475588502624,10.650826602946239
183,171.7813319646104,-0.3760361437489141,0.3565470339293856,-16.217882112536145,13.003375321840139,13.003375321840139,-563.4991092396269
184,7.483985928696096,0.8444426891887029,0.5861274313933754,-0.3767773898942477,-2.8981768717318537,2.6232226101057523,5.122665642639231
185,51.493908421830554,0.1827781493857895,-0.5048026229011336,-10.450771677733973,6.936844134933631,6.936844134933631,-93.32842215723349
186,-0.577559264153917,-0.6883722276522657,0.3398594068462313,-3.771680231839978,-0.43883220196401196,-0.43883220196401196,-0.6064085764214656
187,-0.169025932133108,-0.10937324570421558,0.7141702359625544,-3.010120784086411,-0.4064823096555538,-0.010120784086411205,-0.20635562904908628
188,3.145484964715759,0.8081755786673742,-0.89042655233008,-1.2003408387611272,-1.7268608196652055,1.7996591612388728,1.4069308176162556
189,688.5984423510308,0.46959603456766025,-0.6609038475575794,23.18511034703898,-26.299385649483774,26.18511034703898,4517.910491300192
190,87.23045508069315,1.0813001766041848,1.066336746542325,-12.253017194759007,9.417618003470068,9.417618003470068,-203.30662511573706
191,71.57768667294032,0.46432071380944556,-0.730196091332224,-11.91301262353513,8.058153092297045,8.058153092297045,-153.17877519894185
192,154.5729029152373,0.09396382854732396,0.9905875231823419,-15.405002006096225,12.45832376004093,12.45832376004093,-480.2900343392354
193,114.82898414084903,-0.7043969469454563,-0.7470202714946749,7.807089818140353,-10.61563226513823,10.807089818140353,307.3330591990333
194,171.4354146437747,0.7133762669447776,0.985961233869994,10.537155916387807,-12.614246329004946,13.537155916387807,559.3625544845862
195,70.097213425014,-1.228393099259966,-0.8300282371930258,5.035434992528374,-8.75212700196408,8.035434992528373,147.48878796819102
196,32.66982750113014,-0.4558467703849789,0.26748355464462903,-8.915423767966287,5.548163399313675,5.548163399313675,-47.260939674798024
197,47.679138724813896,-0.5559732890007649,0.04630963777140257,3.6807540381283936,-7.164227034132554,6.680754038128394,82.69121480525615
198,59.66372258592692,0.957202716926711,-0.6507416108248756,-10.399586459301023,8.00935123272864,8.00935123272864,-114.02720137588875
199,1.4829128818407848,0.3253060071075146,-1.1813530998085346,-1.9602114664773582,-1.6252932642496396,1.0397885335226418,0.29878427579412054
200,63.90926543096107,0.6583211685381936,-1.0560172550473843,-11.099137087202214,7.90185141560706,7.90185141560706,-128.12236836895707
201,8.61642521990328,0.7345340315436018,0.6858467627515256,-0.28249083572773703,-3.2418924349657,2.717509164272263,6.351713800428027
202,219.6253900747841,-0.6840740283194258,-0.0011535674878646873,-17.595086824247982,15.029770850460128,15.029770850460128,-812.2741825509848
203,128.85565468425764,0.7344289724665478,-0.6056363581972576,-14.183632755406414,11.505123010962073,11.505123010962073,-364.8301762849537
204,921.0719508808023,-0.21457990806553912,-0.24574962846294862,-33.04832630479987,30.64025536751943,30.64025536751943,-6984.777616653454
205,3.145946548389102,1.0330769276677012,-0.6863862737029364,-1.0238553950116076,-1.4069642413723522,1.9761446049883924,1.494625186354407
206,76.93921025457013,1.2689434593977797,0.550051283632751,-11.42813225744423,9.077795713021274,9.077795713021274,-167.3258922711887
207,24.172481995078556,1.069424327502546,-0.5270268172347403,2.2950061710589265,-4.451987786643257,5.295006171058927,29.359082742099066
208,138.5000850968612,-0.303267731232861,0.05471410036369835,8.85173678139965,-11.678096623706706,11.85173678139965,407.19195344518675
209,0.4327434675545627,0.41207297711443325,1.4283223905540716,-2.6071256964844722,0.46966428125312704,0.46966428125312704,0.43125514214951455
210,65.56779885126166,0.29700439216788,-1.3534414287774643,-11.628336357521857,7.628098408533792,7.628098408533792,-134.75371850743434
211,96.63300727016774,-1.2547268183866231,0.3915761175800261,6.567626937595124,-10.120912901843655,9.567626937595124,238.2245457451669
212,112.76118927153794,-0.5741003536331057,-0.4564147076196708,7.863101723887455,-10.350565686817658,10.863101723887455,298.5865157096319
213,277.8455217636461,1.0792014011682718,-0.1416874683953993,13.854022545966894,-16.471911266851517,16.854022545966895,1156.8278507501577
214,156.69289067011016,-0.3457972766953217,0.6694582791087442,9.202786175382318,-12.858810155262734,12.202786175382318,491.5712977525214
215,167.53571938681412,-0.5677103446980825,0.3355046981317233,-16.331127254842038,12.584804580534286,12.584804580534286,-544.3125497617399
216,90.4621644807868,-1.2251030416269149,0.7544374859236649,6.296739675810729,-9.749359604086417,9.296739675810729,215.6814010134184
217,187.98249366781468,0.5706132240745196,-0.6264763589827783,10.739216866836088,-13.679963801835573,13.739216866836088,644.2188291797536
218,73.93275676917273,0.8974062468280862,-0.0983328310306718,-11.618160590130264,8.580841290116135,8.580841290116135,-159.0049784050518
219,51.05357609201912,-0.18611549366594493,0.1030688085394483,4.353954620979671,-6.90494751623206,7.353954620979671,90.82034993587864
220,37.06762336686363,-0.14417756386106323,0.706805472098059,2.875354016679654,-6.339327316320223,5.875354016679654,56.718369625050244
221,419.0325722215848,-0.6032003349867591,-0.8752619556367565,17.58767037906838,-20.347021398508492,20.58767037906838,2143.6257923318917
222,128.32036496512706,-0.5762024025896664,-0.783113328967099,8.331972624481196,-11.323363192877615,11.331972624481196,363.3847341794155
223,10.762722924182302,0.6761523009199444,0.6111206207443856,0.009530324274967639,-3.6484525671474994,3.0095303242749676,8.903662850479165
224,70.89282347935026,-0.7084097174260262,-0.27733520852419546,5.575542133543025,-8.244354370013152,8.575542133543024,148.868679108595
225,20.86077299000289,-1.0950571436779588,-1.3285369664343958,-7.95688686409956,4.254412730781094,4.254412730781094,-24.775009521851253
226,6.026014406029119,-1.1468314301791427,0.0752701829390284,-5.693577225001095,2.296278075765431,2.296278075765431,-4.081171144533039
227,9.63183796118131,0.9166223396722187,0.9154804446676104,0.03361033131203915,-3.200213368381817,3.033610331312039,7.4870068232758955
228,5.6465130436929645,0.6647594063520917,-0.12006407813095193,-0.8401040537393213,-2.7061703218895636,2.159895946260679,3.3275391010338033
229,175.3744597489167,0.26654888316184594,0.14462611583261964,10.178925840600357,-13.311898697520519,13.178925840600357,580.8804288198895
230,33.96018150494442,0.42655761537722603,0.7788716864864714,3.0036286258689886,-5.6183397188542115,6.003628625868989,49.248300289891006
231,32.36907115674282,-0.20993066237081043,0.44602124773221635,-8.595544564591114,5.768049689724082,5.768049689724082,-45.769853923668755
232,250.00349704310986,0.9351235420012203,0.9143195736355247,12.750021932350453,-15.876990661812851,15.750021932350453,988.5454619315426
233,1.8498566340394749,-0.5577862136952885,-0.8306764808569413,-4.275029027725134,1.3991433480703233,1.3991433480703233,-0.5355533356369635
234,46.20819748735209,-0.4565613366844625,0.29570771760777703,3.6167840723921048,-7.007226924903482,6.616784072392105,78.8298647726326
235,3.4996865150487966,0.8175433150473735,-0.8157245122748009,-1.1191310872196498,-1.853225161876516,1.8808689127803502,1.640890187423742
236,290.7318057135694,-1.0517968348314943,-1.1761546779221044,-20.33017078915894,16.78745877222964,16.78745877222964,-1241.313615111616
237,45.324497724943924,0.05363366007214948,0.9201074932813866,3.979167190741174,-6.445860863022366,6.979167190741174,75.87950657319398
238,2.5632829941850566,-0.2799237459258806,-0.5891665239932862,-4.081562221428922,1.8655102205786878,1.8655102205786878,-0.4079016130624786
239,12.05645889647608,1.1156875752545146,0.9391716263964682,0.581628119838671,-3.325936785141183,3.5816281198386712,10.427554430673544
240,0.1515865836321532,-0.14081409177115797,0.8009340252752222,-3.314909724529021,0.3780123742825861,0.3780123742825861,0.021154439448261796
241,270.4463856234081,-0.8546532619403531,0.17941523351990868,-19.36427153999748,16.521457442180587,16.521457442180587,-1111.3266514653474
242,296.4523411094993,0.8941191283194814,-0.8272127350925932,14.377180951360911,-17.048866386494538,17.377180951360913,1275.1680375421577
243,25.704862480305994,0.061600593094732314,-1.177285605203155,1.6293471247551274,-5.60656438533436,4.629347124755127,33.02564792347814
244,45.14290182094313,-0.4125897987539232,0.43238936648760595,3.543339534382257,-6.922543873793975,6.543339534382257,76.1156744976395
245,108.54844798191469,-1.3235780672668933,-0.8937478084294381,6.990495898341405,-10.889941932206822,9.990495898341406,284.04146863117955
246,7.822414435500854,0.7524052587348287,0.5859720995509149,-0.39739164401001625,-3.0749149542719203,2.6026083559899837,5.482934970953208
247,62.36253719631282,0.6104138935637401,-1.1091870339201504,-11.018456265102992,7.789993212634782,7.789993212634782,-123.57183676157044
248,74.1882154352665,-0.7469695600273627,0.09795967328161896,5.773265898604438,-8.433516574997418,8.773265898604437,159.37206075504258
249,101.30766121599216,0.4621081692095934,-0.2435224939621101,-13.572370959705589,9.60592285029693,9.60592285029693,-257.2290228262508
250,38.85130895508981,-0.0012217612632891527,0.9701223543883774,3.2098493547802094,-6.26036591788309,6.20984935478021,60.574637031334234
251,358.0570390057464,-0.15668336670813648,0.8697729113683454,15.806826832083809,-19.044236228493567,18.806826832083807,1694.5478780152273
252,416.41703147061554,0.46890301663602185,-1.2351294204015453,-23.647329423930692,20.17679571429766,20.17679571429766,-2126.4184626008027
253,13.42013773848018,1.4745482103566334,1.1171985967141127,1.094522791715923,-3.094375315948884,4.094522791715923,12.11020169348321
254,1.8565463392020334,0.9889654316328058,-0.3061313301385326,-1.3779791089487556,-0.7701363531575973,1.6220208910512444,0.8537210052287804
255,39.33498410044065,-0.2378095294025298,0.7581601198310631,-9.532719344712895,6.049283960419018,6.049283960419018,-62.4859917872166
256,78.95964720530375,-1.1746953097647628,0.28472010185929764,5.688466400536236,-9.106911630906522,8.688466400536237,175.8957732320248
257,670.0463909039084,0.09836960766578356,-0.21625503073591495,22.618989113099424,-26.162007402952092,25.618989113099424,4338.444596739534
258,783.145213026255,1.0973073353280773,0.9426938116587887,25.0907159331729,-27.874891389700633,28.0907159331729,5478.002673920514
259,27.981471652955538,0.1639171325331611,0.15131325506867443,-7.558072919387642,5.894358188869361,5.894358188869361,-35.01819360276486
260,28.508322832903563,0.3150017669071553,-0.4217565236727572,2.2178377657596355,-5.485869786953178,5.2178377657596355,38.188386315219994
261,45.046144452826475,0.10835863782383348,0.5343465093362122,-9.827863840897521,6.611527876723272,6.611527876723272,-75.96397955116704
262,49.26397816833915,0.3854750387086801,0.1299198100547793,-9.990141191800083,7.043703208104985,7.043703208104985,-86.34661444603603
263,36.171543043199094,-0.4830524752627641,0.3121513960008446,2.4706104113016014,-6.656102064878862,5.470610411301601,55.13599923790921
264,218.74298019128693,0.686694328384272,-0.4596710390543901,11.585728082217706,-15.008484766473842,14.585728082217706,809.7613579811975
265,100.07336832929391,0.8028390403418961,0.23273588358963346,-13.165839690851666,9.856929681440423,9.856929681440423,-251.00927891764417
266,35.47153538765057,0.21526136430299653,0.83823890147967,3.0017989670446052,-5.901363220248761,6.001798967044605,52.753428780868475
267,9.855363347192638,-1.2350973463343151,0.7623035089886198,-6.411822916842457,2.941322332378476,2.941322332378476,-8.248642055361307
268,25.171452452702994,0.21293507049625593,-1.1404677129264975,1.6892682272406478,-5.417253441423485,4.689268227240648,31.895323494882916
269,0.23384562636973427,-0.36977838415405617,0.3309826051985529,-3.6578388715426247,0.47915387333262077,0.47915387333262077,-0.13527531834182754
270,397.2590662085924,0.4912829559214173,-0.5835695842401288,-22.95584078112793,19.908075183435248,19.908075183435248,-1979.6806444721433
271,23.286599128835306,1.4134649729342792,-0.2771682302364302,2.4703757314830446,-4.030500316866857,5.470375731483045,27.520319331184297
272,139.5221521980599,-0.6088385416322846,-0.16271906662957725,8.5769898730641,-12.06767063002102,11.5769898730641,412.84902353898644
273,0.03293374545089701,0.048355218969512025,1.029662415511748,-2.935131098994196,-0.0011828253835145033,0.06486890100580384,0.03185204320146862
274,97.57527309547802,-1.4420841372475732,0.10799346250047198,6.431407732797124,-10.372194620228841,9.431407732797124,242.23678062873154
275,103.39620341360626,1.1910809258042325,0.36578454647281944,-12.898611809044752,10.412870093690309,10.412870093690309,-261.60630092342996
276,1.7723954942327254,-0.4980948911483796,-0.7444586436783847,-4.187942416058267,1.3955407555450225,1.3955407555450225,-0.4350496458212883
277,1.2861748432324813,-0.33093737340150076,-0.3413752574289701,-3.882721803013321,1.2278386906892544,1.2278386906892544,-0.12123590337470452
278,72.40735552891411,-1.1146702093213978,-0.44772558397214224,5.307009538663388,-8.736723940829558,8.307009538663388,154.5043476065559
279,223.469130894987,1.0611726215351505,0.17687923782151999,12.077594117031666,-14.811264412024503,15.077594117031666,834.5403015392385
280,127.89545714300303,-0.777241567061942,-0.9923115038250483,8.124957911765636,-11.510244812612742,11.124957911765636,362.2198719886741
281,42.453619465065316,-0.16068128934512968,0.8478033780510619,3.475876251088722,-6.562021109160965,6.475876251088722,69.21536595414506
282,22.452966678461173,0.33897152357286003,-1.337949993891744,1.4290683747045692,-5.120527710200637,4.429068374704569,26.869063003339726
283,461.5651311694162,-0.8486923798597991,0.6426093897388636,18.60028717478379,-21.3623077876173,21.60028717478379,2478.2344488422136
284,0.41735529877140926,0.3672501040342355,1.3954159217590094,-2.675556172512031,0.4956166948025092,0.4956166948025092,0.4098735301835316
285,225.9951724545479,1.0114207134611648,0.28309848556457373,12.099050611284012,-14.962685182936118,15.099050611284012,849.0378670089995
286,43.15943163009966,0.08542391787999767,0.7759172714684978,-9.633640164165264,6.514585419880945,6.514585419880945,-71.09110518078217
287,10.251933488895958,1.4639118042020662,1.4635942351273528,0.5925110102534951,-2.664645056915317,3.592511010253495,8.119563825485562
288,151.38087164098602,0.15321452958289491,1.1430979814239843,9.581920446873585,-12.001883418840055,12.581920446873585,464.58850591111155
289,17.56465647078186,-1.12215198709247,-0.8218430215202898,-7.487150057990363,3.9578076504956257,3.9578076504956257,-19.085660976514642
290,73.14505291666211,-1.3487099289422066,-0.5594625160570023,5.140990284084591,-9.015007070777475,8.140990284084591,157.3596977566292
291,4.587015489177297,-1.2006932123350584,-0.5907959769637929,-5.518922521400868,1.905443989290741,1.905443989290741,-3.0132098473785476
292,117.1191417909566,-0.9904623011299332,-1.1755861562368008,7.60451992701865,-11.060873547477591,10.60451992701865,317.56880202374157
293,84.65803310912565,-0.9240730761221271,0.9676567642836686,6.266664827329729,-9.127744421827993,9.266664827329729,194.56406368300992
294,232.3643250687596,1.30945142006939,0.9183910743825834,12.570009652860861,-14.894838245331233,15.570009652860861,883.9200010872681
295,84.30033906241644,0.9303016057040374,0.8246152150392304,-12.247441270616752,9.122409563401893,9.122409563401893,-193.77914844602185
296,22.771394723815746,-0.7155142619847679,-1.0230772434097273,-7.806132713387332,4.744227932050923,4.744227932050923,-27.252282203891966
297,6.97416436008376,-1.6245841275727746,0.07972178672293195,-6.402616935163089,2.1171319235727593,2.1171319235727593,-5.898169128299221
298,6.211395048132519,1.6142307768420983,0.6780913572115609,0.04106703964809222,-1.6577587245556917,3.0410670396480923,3.933691746098217
299,1024.731628210643,0.05912291410014181,0.7307358921282021,29.355845052781344,-31.65608344200007,32.35584505278135,8196.93127658842
300,112.63257281848537,-0.5636201779390015,-0.43470050807779426,7.8687828742315675,-10.331592364288515,10.868782874231567,298.0384062098646
301,8.124873669375935,-0.5648174821436198,1.1629496425426482,-5.357506603985707,3.194555750223582,3.194555750223582,-4.929741765096469
302,157.16017363717793,-0.11675155727564455,0.8948475300494881,9.436680337751019,-12.644307457555628,12.436680337751019,492.9382043815016
303,8.653798162226952,1.0254304916356203,0.9477412339481793,-0.03280285093308179,-2.905831072956851,2.967197149066918,6.361157848807742
304,0.31687802431862433,0.20983554729507886,1.2387355398429505,-2.8711840691289656,0.45254111903901656,0.45254111903901656,0.289618345222352
305,5.181644849367739,0.6603662998892024,-0.30628465038943864,-0.9264141548436241,-2.5914156578235956,2.073585845156376,2.9136125233412824
306,77.32934923236897,-1.268826551516858,0.02227068748241884,5.496175231001388,-9.127082452300954,8.496175231001388,170.72884242331594
307,505.6724228393419,-1.2714963620886872,0.23274609154521275,19.190971094240524,-22.796820473197883,22.190971094240524,2845.0362594216203
308,38.38948918693008,0.006489925226768743,0.9501055561726617,3.16311652797663,-6.234492459693275,6.16311652797663,59.5118522369189
309,7.145035829892405,-1.0969756840578078,0.5062869919720148,-5.817419429235906,2.5739670429243593,2.5739670429243593,-5.018966501589511
310,1.2750705707312031,-0.14657140259894347,-0.04987069731824961,-3.653759100586774,1.2984127584471659,1.2984127584471659,0.0898368887283679
311,2.9009542109110673,-0.9587176465102136,-1.1196128507370497,-4.946439869664434,1.5690419786328225,1.5690419786328225,-1.5464013941349295
312,51.250265660102485,0.05198885764900102,-0.6162209918623919,-10.569817846258257,6.8015950369299025,6.8015950369299025,-93.14148037516203
313,6.7232591102199,-0.8571439207524224,0.5229451408562668,-5.470319593564482,2.6757616632313903,2.6757616632313903,-4.1560073276227465
314,25.42390323956481,0.9164246628842625,-0.5057896707878338,2.3322128999018594,-4.688139718408126,5.332212899901859,31.76323099061574
315,299.42574486455055,-0.4481359154399129,-0.7467343760604368,-20.043993964160343,17.549249149032413,17.549249149032413,-1293.4184197483119
316,54.92328575980627,0.7747180046782693,-0.35906931845609363,-10.147029868185315,7.641613598305603,7.641613598305603,-100.82568062061917
317,146.65745962944547,-0.4718447655965866,0.37738255570648277,8.869784945604804,-12.371357425960381,11.869784945604804,444.9021767201273
318,24.473599426853784,-0.5296316586330381,-0.8067142671233454,-7.844083327765606,5.031151429170796,5.031151429170796,-30.001324571666157
319,0.19067159221855445,0.12681071810087163,0.19565672360267,-2.5691575654317234,-0.7674417821538626,0.4308424345682764,-0.11453097350302281
320,55.449532556658156,-0.6791405479272139,-0.8242646300972876,4.328694220623917,-7.581135158061392,7.328694220623917,103.45190393132167
321,73.06406147047288,-1.187764574270018,-0.4290333801025439,5.28510354328603,-8.84300334217165,8.285103543286029,156.7494173562139
322,38.054020325522856,0.18097690455489418,1.2122120201500044,-8.900447225192638,6.3968408518124615,6.3968408518124615,-57.865441026452
323,1.7771636138836537,0.6627378661380434,-0.8181094895737842,-1.6343923062812966,-1.2611140651140114,1.3656076937187034,0.6186063755068847
324,0.5628568167254066,0.4715560831899527,0.45484000027941496,-2.205459353257936,-0.4761338439905698,0.7945406467420639,0.22331741362348664
325,41.07321558386776,-0.11787732438538989,0.772917781812277,-9.611457768392908,6.235516392377476,6.235516392377476,-66.44814492269744
326,489.69642164322704,-1.069352169112847,0.8895131767007742,19.058921578292182,-22.202493103381595,22.058921578292182,2709.6574299733147
327,0.31945339288505326,-0.0640456550611177,0.8129006423835529,-3.2750621642057944,0.562888386914499,0.562888386914499,0.12552635189779449
328,53.66860915251385,-0.3712371975002493,-0.35431614462354966,4.440638695997863,-7.194312049276722,7.440638695997863,98.07753361628892
329,5.695545444304582,-1.2307893728474015,-0.11062602388571094,-5.737202884199672,2.156097830511653,2.156097830511653,-3.9520247119131855
330,4.123907578216229,0.6897825506775972,-0.7083816541692994,-1.0983382499882954,-2.2430136406793753,1.9016617500117046,2.0542808850818317
331,153.6555756477342,-0.058954489344779086,0.9684121326457168,9.421479837085808,-12.367937626202224,12.421479837085808,476.0728423785377
332,362.8832732585808,-0.5063621873230493,0.511383873099665,15.658704855760526,-19.461347321078897,18.658704855760526,1730.6521408983433
333,230.51453084523777,0.3555790728093252,-0.08099872010508846,11.590169110467942,-15.815569223045797,14.590169110467942,877.8365630113901
334,3.296393590673597,0.8525064243439502,-0.8297853148380459,-1.1335015611971628,-1.7257169472102616,1.8664984388028372,1.518952877632575
335,0.5551009920455754,0.35180430797892975,0.03957151482209284,-2.2608376960835788,-0.7744082876448727,0.7391623039164211,0.09073428052673661
336,137.04409372067892,-0.15972133507670166,0.09179093310931594,8.9575191991596,-11.433244478885802,11.9575191991596,400.1914394414066
337,27.739573084761343,1.0243067410869628,-0.015165295722567862,2.7339470865590654,-4.701226679345255,5.733947086559065,36.026229813738325
338,251.99956835326344,1.5924181003450437,1.5517888749182256,13.450884343935734,-15.260591296894532,16.450884343935734,997.1457963798839
339,68.94833814951583,-0.8198504895078487,-0.5982095834820066,5.328551023912271,-8.275267371032417,8.328551023912272,143.07205797892485
340,2.732595846813701,0.7205220520375032,-1.0015624595861283,-1.358652715116984,-1.674898437773097,1.641347284883016,1.1229233263518033
341,60.47952065763331,-0.3105371109996814,-0.619712570295371,5.1138905139639474,-7.393435930790697,8.113890513963948,116.8964157734939
342,82.3080055752265,-1.105826268383625,0.6495575355728982,5.958295322927348,-9.199759374770657,8.958295322927349,186.97245872705892
343,7.862221025087096,1.0018808788403675,0.7932314259717184,-0.18260830131979328,-2.7847075294577044,2.817391698680207,5.510516129174154
344,1.769326229947451,0.7789474297828954,-0.6171254866061459,-1.5524754757741321,-1.064826897529781,1.4475245242258679,0.6869030391095218
345,18.715688390549985,1.2172430560425622,-0.27706034244362826,1.658129411946149,-3.9069374029878308,4.658129411946149,20.011110589323984
346,11.766191267005443,1.5257387960031523,1.444134930410597,0.8831148863088965,-2.8205949172125084,3.8831148863088965,9.94572485706044
347,4.4781439669204826,-0.47719313566803995,-0.24123751904109642,-4.655150664929386,2.397885900087681,2.397885900087681,-1.7092467209493194
348,472.5952572338805,0.748696419354053,0.6373872095429516,-24.988592163722387,21.501130217861558,21.501130217861558,-2570.6982720108367
349,21.176507644512675,0.7969045691248181,-0.9232071197728826,1.6463471903659046,-4.546371638971953,4.646347190365905,24.326257400252285
350,321.675591714963,0.9026630302976337,0.17627877331181402,15.378217121274437,-17.467004909511278,18.378217121274435,1439.7308192162957
351,206.06886654304324,-0.913623480288817,-1.0349460158488586,-17.49208026489622,14.227337414993771,14.227337414993771,-740.3798063391042
352,4.98467314046138,0.9069074694552126,-0.2395971506339312,-0.7604926416955707,-2.2218020945801005,2.2395073583044294,2.783687015720963
353,571.3854470462774,-0.757024340178968,-0.9525697837274937,20.72547544061084,-24.089478221896034,23.72547544061084,3416.001881360434
354,193.42037519996464,0.6668995466071667,-0.848837110759722,10.95200294663226,-13.85981327333556,13.95200294663226,672.3073382282839
355,6.707669489033902,-0.654797345221932,0.6425624886972668,-5.232487379309319,2.83056692305124,2.83056692305124,-3.7568652608437345
356,227.6763591047064,-0.9564634263199322,0.3229470675444285,-18.09303921015051,15.085119703733861,15.085119703733861,-858.8755652604602
357,55.194808089758425,0.3575843489090259,-0.8694428277877132,-10.632079839988204,7.2521120412182976,7.2521120412182976,-103.2347178077748
358,239.13338908613102,0.9716386336370633,0.8629156790874386,12.443648026044626,-15.485584577554578,15.443648026044626,924.5866251005025
359,1.82128048749899,-0.5263123807716678,-0.7885213557775913,-4.231615207831202,1.403158895372568,1.403158895372568,-0.4858123100270216
360,14.492859824569647,-1.03251305994851,0.1257097373284813,-6.907925106240939,3.7293858018624815,3.7293858018624815,-14.010301716717603
361,8.701243509697933,1.0617329370109194,0.9854653441106953,0.00531540178507868,-2.871539366572435,3.0053154017850785,6.409744673280381
362,129.28759102114347,-0.6309823859485122,-0.7969573091686833,8.30422426580237,-11.442809256528081,11.30422426580237,367.7413782164077
363,94.41021398916911,-0.842960230787182,0.9897831262790294,6.855890494258852,-9.56196209445629,9.855890494258853,228.94570031755586
364,3.809526546158753,0.6257221923645473,-0.860918701982868,-1.210808045780278,-2.2243339487311924,1.789191954219722,1.8027865407697705
365,71.10017308662174,-1.05406395284198,-0.5563400935935849,5.269989367187255,-8.614617485918615,8.269989367187254,150.2536765535142
366,44.66344895407388,-0.2084558868538659,0.6863558769035139,3.6742879738015364,-6.693276213260092,6.674287973801536,74.63656012577245
367,69.33791160084719,-1.253881705726138,-0.940652885255436,4.955925275421251,-8.745283127173238,7.955925275421251,145.18263692907277
368,71.02132910309867,0.45988288569126096,-0.7892971333889913,-11.876822150488213,8.028277821708187,8.028277821708187,-151.39865116446225
369,5.429186980046783,-0.8260589640608813,-0.0015426873505504785,-5.2219840722145765,2.3998202830654467,2.3998202830654467,-2.9962916374609767
370,4.5098627560009135,-0.6646270518597559,-0.33328282395245257,-4.879799747748693,2.273708767330954,2.273708767330954,-2.0422581308825647
371,13.121198185635565,0.9108405964297396,0.49938679767538563,0.5710856366066329,-3.6899406527580534,3.571085636606633,11.903681200963442
372,49.408034496694356,-0.5684598199467834,-0.14667157592247876,3.8455568501115556,-7.240692061869724,6.845556850111556,87.14703972481485
373,84.72287020098446,0.9116330713706506,0.8257524682418569,-12.291537736326745,9.126434138955307,9.126434138955307,-195.32553645635463
374,5.221384380863502,-0.9495380574001957,-0.16346482642509205,-5.331498574043129,2.2552296115433617,2.2552296115433617,-3.0536324071847907
375,34.81586698714711,0.10849303226540419,0.9951013912478883,-8.562382253888249,6.185676302776034,6.185676302776034,-50.35805254728887
376,115.49437263378054,-0.9785077266820256,-1.079054214899891,7.56386250259403,-10.947647449741172,10.56386250259403,310.88138792709356
377,58.850838680136356,-0.5428985696100315,-0.83517586577436,4.759715022398714,-7.5708290925660275,7.759715022398714,112.69038253347956
378,54.25927585470763,-0.8752487636609569,-0.9488804808780698,4.0400436289787045,-7.739540142054285,7.0400436289787045,100.53758255677623
379,3.308597709886233,-0.8913832760333592,-0.948015323810064,-4.939067136570682,1.750352804725646,1.750352804725646,-1.663723363190066
380,0.043151347699450684,-0.026688445760635966,1.0043929125484963,-3.0836329607057853,0.14402221629667575,0.14402221629667575,0.029825919750055507
381,163.83663442690616,0.16035058241574415,0.9392274434243484,9.842855501432522,-12.75338640057142,12.842855501432522,524.1018709038154
382,0.6693788225936732,0.6048744338498295,0.671632248270681,-2.090627988235241,-0.29069608493148397,0.909372011764759,0.3633471569923207
383,169.8291741716707,-0.013630460134501837,0.8231339393865394,-15.810641020909502,13.236711174274424,13.236711174274424,-552.0433790476255
384,86.83405606974999,0.6895686552676645,0.6745216171149724,-12.644492817847384,9.025641791513822,9.025641791513822,-203.68199194834745
385,259.21232808605697,-1.2515895806694184,0.4243535772545969,-19.38008087943485,15.836927352222126,15.836927352222126,-1045.2459640791187
386,94.86506764316523,0.6677990999200594,0.46973536558135637,-13.074708373275865,9.437705040697743,9.437705040697743,-232.47614598924937
387,66.80423779164981,1.0229076770460446,-0.6020645188645223,-10.943899886173414,8.3763931457384,8.3763931457384,-135.6256943912211
388,27.73062198034455,-0.3403964080200308,-0.3200902470881283,-8.098556847041044,5.4043434528634275,5.4043434528634275,-36.05287354670118
389,0.021036776646333744,-0.05601660126802626,0.9753456249323046,-3.117866503651782,0.12937570265478093,0.12937570265478093,0.0052822996021924225
390,88.6522920448084,-0.5444989553275523,1.453123382885033,6.846683242694641,-8.935960970370385,9.846683242694642,207.52680787883477
391,51.10629387750652,-0.37207265366588627,-0.10761189679751909,4.191574103433136,-7.099734300794551,7.191574103433136,91.26086386743094
392,38.152614483948724,-0.24295842347386293,0.7014697976734188,2.915130012730864,-6.484428657887549,5.915130012730864,59.29098914080541
393,65.93591735432037,0.9840373511789787,-0.6805088300601525,-10.915203836570788,8.30119778408051,8.30119778408051,-133.07120310196407
394,11.495585326959818,1.4216602367412783,1.357915456502539,0.7530637945785817,-2.9011457991245866,3.7530637945785816,9.633410712563276
395,15.236803701322591,-1.844003286687037,-1.1281202721313826,-7.961285431550772,3.082627246681667,3.082627246681667,-17.20425405049388
396,43.17068384245763,-0.2021952623504013,0.7778026108890579,3.5178513873875987,-6.63168892573866,6.517851387387599,70.9959691285085
397,153.80083709368654,0.4457420426201554,1.4701027228909744,9.918743793311894,-11.841062039259604,12.918743793311894,474.8809993566285
398,346.298312707756,-0.01310856236559628,0.9921373506332892,-21.497904747923656,18.714460656781647,18.714460656781647,-1610.210481134125
399,24.567111531468118,0.6534267678169957,-0.8503135029898672,1.9891063729799323,-4.916623278988666,4.989106372979933,30.410762321217582
400,335.016310756582,0.43965066268134484,0.6201402798609885,15.466639425797725,-18.131094846528335,18.466639425797723,1532.0050013258958
401,1.6647640023311907,-0.7482463036927514,-1.0220214535107048,-4.4665523631157145,1.2111188377650304,1.2111188377650304,-0.727676027999177
402,35.64829746297915,0.08601911588144331,1.0375182542476902,-8.697366492017172,6.201573612502473,6.201573612502473,-52.39504533683549
403,0.781366864776477,0.3752130144395345,-0.3410010698962008,-2.1472696744361546,-0.9925779950213284,0.8527303255638453,0.12643789165047756
404,4.882622055888006,1.152165740825971,-0.13310731847859458,-0.5797618561539217,-1.873625187891854,2.420238143846078,2.747277871027115
405,513.7816412699704,-1.2701423129768628,-0.12416912781204612,19.34612173601852,-23.001844148966637,22.34612173601852,2913.8996612245874
406,214.11074642634597,0.9958072110023932,-0.4178265480148197,11.76594237573275,-14.489662664726973,14.76594237573275,782.6253982697857
407,485.5700525979519,-0.884892404704617,1.111379249081547,19.14793526571671,-21.918158930633865,22.14793526571671,2674.129013654457
408,17.162237821600034,-0.7958595998347573,-0.3158528967426798,-7.048727999447395,4.2164683440841175,4.2164683440841175,-17.560637558722853
409,224.6340801380625,0.721995381027237,-0.07082050305022683,11.77984250221706,-15.210103178024939,14.77984250221706,842.6868207145377
410,442.6787992481117,-0.876711586728757,-0.31390169209156626,18.051879170742932,-21.027406123788122,21.051879170742932,2328.398809428392
411,18.922444267735457,0.7182873721919123,-0.8652109006265449,1.2602769046686415,-4.462978202620464,4.2602769046686415,20.64232637192696
412,2.1282645672151626,-0.9627500373552589,-1.2630377087958105,-4.810950438865568,1.2825639466377887,1.2825639466377887,-1.1893310788943052
413,162.12503787587224,-0.051325340087251,0.9770878069129012,-15.70040853251059,12.762807175969197,12.762807175969197,-515.8975976932255
414,254.29802060498707,-0.8213402353396209,1.0648981084080165,-18.769475287981333,16.113194670096487,16.113194670096487,-1012.6057048254661
415,3.5554839259392637,0.9100951150165463,-0.7317625783693508,-1.0341068534040219,-1.7467371484079581,1.9658931465959781,1.7087498413114233
416,0.7640032441980277,0.3534276783903692,-0.37026986868321726,-2.1673113196114415,-1.0189322771024352,0.8326886803885585,0.10526203814120351
417,76.66543297666418,-0.6228488746561606,0.5140122221379734,6.056374124349149,-8.418947887959447,9.056374124349148,167.09165238197824
418,329.95469988378045,0.3076090253630408,0.17331876728174095,15.137594788374665,-18.193247550601956,18.137594788374667,1498.5400656622712
419,11.887340929276714,0.9618105400934561,0.7876696835371593,0.4253993901168948,-3.477800264023161,3.425399390116895,10.253993892914508
420,453.86331930109725,0.9390736686673984,0.19298164940788526,-24.30663128934193,21.301622543639695,21.301622543639695,-2417.30628202471
421,32.70369855218591,0.07688022296879907,0.26440835871248836,2.5421073285576123,-5.929108689389548,5.542107328557612,46.977859167411744
422,112.5198296476897,-0.9927336946306659,-0.8891868978774261,7.450567341610164,-10.780029516226683,10.450567341610164,298.8803290460883
423,191.25791873899524,-0.4073135180471521,-0.6285976401286989,-16.64257640049009,14.003574834151213,14.003574834151213,-660.1389054875154
424,406.93706071678855,-1.2730917892739133,-1.5470943952917187,16.536459951438506,-20.84122920195647,19.536459951438506,2056.5376061529746
425,23.077670049224793,0.9778061391281785,-0.6999856371036117,2.0659580528911174,-4.480786823688193,5.0659580528911174,27.483009125684873
426,1.8166528507151365,-0.2886418649867563,-0.4927860841497919,-3.9448636647988224,1.5258806447197908,1.5258806447197908,-0.1808305718943256
427,23.527558564262456,-0.6641148978739035,-0.9694367532472382,-7.859120370976472,4.843529569153109,4.843529569153109,-28.55220799355235
428,138.10175240606912,0.006163458499541863,-0.4086070275405371,-15.15046915022976,11.385400229622984,11.385400229622984,-407.8010453164284
429,1.050375392841176,-0.8046200849732057,-0.9225640226430932,-4.408363025470732,0.8832860556507101,0.8832860556507101,-0.6386307201025228
430,51.06799304186973,0.67067515811481,0.14236038636163006,-9.86716524838708,7.388674065168474,7.388674065168474,-90.27672433215292
431,342.5950300163399,0.021209305017430263,0.9637499312271732,-21.311029888365105,18.697182903330585,18.697182903330585,-1583.7674679610273
432,114.02514633051013,0.8543438483218152,-0.7590498034882676,-13.6324064137354,10.720003097925353,10.720003097925353,-304.17825402537375
433,577.3597724220562,-0.6143648866206298,-0.6832010988120087,20.939603405307277,-24.120790516407784,23.939603405307277,3468.970913834737
434,221.46878102062578,0.9879261792373093,-0.013719755959550911,11.951912787917196,-14.806868009099118,14.951912787917196,823.6328636251478
435,182.5631540902747,0.26360076078707506,-0.52270275329594,10.323982814396434,-13.713618555612921,13.323982814396434,617.4723312631043
436,65.27121043104268,0.6560084906339951,-1.0218534647971174,-11.21551451470796,7.958503645961444,7.958503645961444,-132.3505294481053
437,0.6687567463590063,-0.8877850240873659,-0.8668275826275772,-4.425953289244952,0.636535917661063,0.636535917661063,-0.6688819327580668
438,2.6533705630191133,0.8151851689139862,-0.9000982632778627,-1.30319015363194,-1.5000613074787497,1.69680984636806,1.1193735130838678
439,212.00381654947216,-0.3012798415581077,-0.15616534714372465,-17.008467441062166,15.075567128159719,15.075567128159719,-768.2675185611572
440,-0.2470054746763749,-0.19567984981262238,0.3926444834772985,-3.0191018154321014,-0.7218050562454154,-0.019101815432101543,-0.3596100255411831
441,28.2458080466636,0.38842608851307736,-0.4190916293708393,2.2476009359406595,-5.395677989968918,5.2476009359406595,37.60296475081296
442,89.79319743311899,1.0241675611990628,1.0195108235882187,-12.450157301255436,9.499113836746014,9.499113836746014,-212.6069966292264
443,224.26103390116626,1.0023749707945289,0.16990957451220645,12.042172010336271,-14.903906265715564,15.042172010336271,839.2776600056835
444,2.3684477986276304,-0.34054213566602687,-0.645992277945207,-4.116553005934963,1.7486770283903383,1.7486770283903383,-0.4190076637824002
445,27.115274635014615,-0.34118984686419807,-0.39876709439138724,-8.011494394787169,5.368623184535425,5.368623184535425,-34.77221304172602
446,0.6957621498347573,-0.19577157966873,0.2704186539529779,-3.569287956082751,0.8924594768741787,0.8924594768741787,0.0639818896446235
447,199.06293163481763,0.646785700361747,-1.049534239690445,11.059843624807122,-14.161698433644343,14.059843624807122,702.3615910076292
448,39.12050108136123,-0.30503529912215577,0.6971183193881546,-9.581644424836616,5.975957945228357,5.975957945228357,-62.18567850022333
449,172.76833182856092,-0.5723832564675234,0.10133215456568467,-16.437233106379296,12.872513500642908,12.872513500642908,-569.3973406769729
450,0.3460009373881796,0.029344864941060034,0.9546669581522917,-3.154973729953056,0.5782021611107858,0.5782021611107858,0.1992980775151535
451,414.91776988577743,0.30765035261413304,-1.3812526035866488,-23.763646185786783,19.994295146207264,19.994295146207264,-2116.2437636290106
452,37.139970401221305,-0.38213976400735733,0.49664743133852474,2.673894155405478,-6.589511412328612,5.673894155405478,57.17679295741954
453,118.51125592988566,0.18169383975444808,-1.5403996455016757,-14.466151372235842,10.357293354809329,10.357293354809329,-325.3573532768743
454,4.147927159240554,0.06239440622164938,-0.03166162458958477,-3.965225847185904,2.6664706050555242,2.6664706050555242,-0.6462288801395738
455,160.19744579513,-0.531541133803083,0.4992880796464294,-16.15262262533795,12.198853114777092,12.198853114777092,-509.6433088812749
456,75.5817280015618,1.5653693622968783,0.6733794009317693,-11.018840535584964,9.295150677380796,9.295150677380796,-161.55839032782373
457,153.77906016100866,0.43985223138877705,1.2861991557502959,-15.036534192393086,12.736753867410362,12.736753867410362,-474.76733804715883
458,431.28855781191277,-0.6979906156862967,-0.652419292794371,17.884382433335723,-20.644825571685892,20.884382433335723,2238.3820189543844
459,0.7466922531632786,0.32866623477436335,-0.40753366120612566,-2.1891507804125805,-1.0513410925266964,0.8108492195874194,0.08155455077238256
460,15.093433030603226,-1.0064638751220094,-0.012354062025592985,-6.971424343700637,3.818309980908694,3.818309980908694,-14.847831363695686
461,135.93154602234267,-0.6051833708005658,-0.3975795695507047,8.496094166391623,-11.836433845989871,11.496094166391623,396.77946739602714
462,118.36607126090773,0.4496363209182575,-1.2718256254706435,-14.185832743630423,10.60029496640738,10.60029496640738,-323.43234956641
463,1.0371402806214312,-0.19391838362994432,0.02313897506327814,-3.6555483231393864,1.132058968973918,1.132058968973918,0.05974375092331635
464,25.963879474387372,-0.2156234257622065,-0.4092073523684526,-7.701702470675926,5.418653988550243,5.418653988550243,-32.03350085140663
465,56.26286585007628,-0.6808138355462785,-0.8759009326842137,4.401913387169262,-7.613928002188285,7.401913387169262,105.6972500213808
466,1.462271384840106,0.6131308297178124,-0.6652015925859925,-1.7593031820142315,-1.132728923515151,1.2406968179857685,0.4717921542157583
467,134.9697058096962,1.0185267193926646,0.1857455170554479,-14.042673249335454,12.145123596101431,12.145123596101431,-389.0573274850073
468,75.23714995583957,-1.5035977611407336,-0.43338793910777185,5.139195993060332,-9.273963844433391,8.139195993060332,164.43217418502877
469,4.799525232433634,1.1421366030783817,-0.17159657083546487,-0.6035431165641121,-1.8611915622977804,2.3964568834358877,2.6795333311729523
470,100.91855709061684,-1.0625857531679084,0.20105883889643655,6.940097881854766,-10.162620166502863,9.940097881854767,253.76048265937993
471,38.077564708027474,-0.23812588061371456,0.7916121131972619,-9.375618152794027,5.996469621494848,5.996469621494848,-59.37012454730501
472,6.452130006207136,0.8711261921547646,0.304559078412462,-0.5294000449908002,-2.643536674320427,2.4705999550091997,4.093442316261077
473,21.31608017590538,0.2929572492609108,-1.4264593406427288,1.2321491724066893,-5.094658379950623,4.2321491724066895,24.922896179570227
474,87.72652149654601,-1.0015638342854052,0.9911895765962618,6.3643594518436455,-9.368340516824675,9.364359451843645,205.42199628471587
475,147.2842865527117,0.6091861024332289,1.0152971011469276,-14.732193161738234,12.507971632846601,12.507971632846601,-444.71122060178436
476,206.7441556739633,1.0215271693065064,-0.656238335904361,11.607320617648973,-14.133395671323402,14.607320617648973,742.1325439001894
477,6.525590838581957,0.9313613656607386,0.3693018521906116,-0.4668876823545043,-2.586343239068989,2.5331123176454957,4.166350657745603
478,258.0394558664055,0.39266931908838754,0.14316105919841626,12.492059770489655,-16.671855009005927,15.492059770489655,1039.2266630043573
479,116.6515795766474,-0.8158505772583143,-0.9703196424004746,7.7586665154560635,-10.846470034558969,10.758666515456063,315.10882437023696
480,231.07919395525423,0.858546475217125,0.42516113784184867,12.094919783446226,-15.314893148417724,15.094919783446226,878.6924802005863
481,196.41799621738468,-0.8029342899208465,-1.111098179860368,-17.158354302888444,13.88136680598401,13.88136680598401,-689.0621388460714
482,-1.1137882487154376,-1.1133300849476733,-0.8074737309632226,-3.8638242022436406,-1.8518319500443494,-0.8638242022436404,-1.3276889211100746
483,16.26470353414085,-0.553206089057968,0.23629573570046994,-6.629736482698064,4.346775092928386,4.346775092928386,-15.500963523243623
484,443.87070254367757,-0.9312185541616375,-0.30556548661221367,18.03345995616747,-21.10470930730414,21.03345995616747,2338.1393695107568
485,3.113922386680344,-1.1826733693009632,-1.2060354079692883,-5.247220218263818,1.4903498782916564,1.4903498782916564,-2.0100515662705774
486,10.5094035856003,-1.149193494851377,0.8185770044295042,-6.416140203773503,3.113944467562883,3.113944467562883,-8.852845009555592
487,204.08768937407734,0.795438291437274,-0.9186699630509797,11.322766922599532,-14.246413148739391,14.322766922599532,728.7290851012089
488,1.2563304198343133,-0.020221553819886384,0.1667257383573742,-3.492938902351419,1.3349715079591569,1.3349715079591569,0.2301563815039519
489,76.11438823430267,0.8317628881054663,0.072786077626762,-11.839178033482527,8.621977538992907,8.621977538992907,-166.47628275665775
490,5.8617466595965535,-0.7100078086787578,0.256665605106287,-5.158178954046358,2.5933167170440448,2.5933167170440448,-3.1347169034381466
491,31.326603621998,-0.424650721274402,0.12112580064064676,-8.697375150354075,5.513108668455412,5.513108668455412,-44.11953839213735
492,6.281527783743912,-1.0428560142346057,0.23962482063268553,-5.614336597923823,2.4340894392093864,2.4340894392093864,-4.1109749094841
493,6.291607336496511,-1.0747537273221328,0.22412070116474936,-5.653078569622465,2.41146952767843,2.41146952767843,-4.180300554953509
494,53.33890018964409,-0.7074939586261689,-0.6911474272810834,4.105005254237414,-7.530814476956847,7.105005254237414,97.75891555708967
495,55.81291754180099,-0.42305553931678636,-0.5752207267136409,4.594689318215125,-7.329136050351642,7.594689318215125,104.00286405971066
496,213.1126713438619,1.143913023126101,-0.3233727391096013,11.884807671086524,-14.291626714603613,14.884807671086524,776.448392927679
497,77.30039493084156,0.3324936897551426,-0.25592698055400265,-12.450670924215055,8.204201453269237,8.204201453269237,-172.58970185411425
498,129.6532735205919,-0.8580223008785421,-0.9976385598517132,8.092679127846829,-11.707375403529472,11.092679127846829,370.0813094551389
499,89.87987524043174,-1.381150823976989,0.6066488696929113,6.118748430547353,-9.882487839207498,9.118748430547354,214.00372302264114
